<stg><name>svm_classifier_getTanh</name>


<trans_list>

<trans id="232" from="1" to="2">
<condition id="193">
<or_exp><and_exp></and_exp></or_exp>
</condition>
</trans>

<trans id="233" from="2" to="3">
<condition id="194">
<or_exp><and_exp></and_exp></or_exp>
</condition>
</trans>

<trans id="234" from="3" to="4">
<condition id="195">
<or_exp><and_exp></and_exp></or_exp>
</condition>
</trans>

<trans id="235" from="4" to="5">
<condition id="196">
<or_exp><and_exp></and_exp></or_exp>
</condition>
</trans>

<trans id="236" from="5" to="6">
<condition id="197">
<or_exp><and_exp></and_exp></or_exp>
</condition>
</trans>

<trans id="237" from="6" to="7">
<condition id="198">
<or_exp><and_exp></and_exp></or_exp>
</condition>
</trans>

<trans id="238" from="7" to="8">
<condition id="199">
<or_exp><and_exp></and_exp></or_exp>
</condition>
</trans>

<trans id="239" from="8" to="9">
<condition id="200">
<or_exp><and_exp></and_exp></or_exp>
</condition>
</trans>

<trans id="240" from="9" to="10">
<condition id="201">
<or_exp><and_exp></and_exp></or_exp>
</condition>
</trans>

<trans id="241" from="10" to="11">
<condition id="202">
<or_exp><and_exp></and_exp></or_exp>
</condition>
</trans>

<trans id="242" from="11" to="12">
<condition id="203">
<or_exp><and_exp></and_exp></or_exp>
</condition>
</trans>

<trans id="243" from="12" to="13">
<condition id="204">
<or_exp><and_exp></and_exp></or_exp>
</condition>
</trans>

<trans id="244" from="13" to="14">
<condition id="205">
<or_exp><and_exp></and_exp></or_exp>
</condition>
</trans>

<trans id="245" from="14" to="15">
<condition id="206">
<or_exp><and_exp></and_exp></or_exp>
</condition>
</trans>

<trans id="246" from="15" to="16">
<condition id="207">
<or_exp><and_exp></and_exp></or_exp>
</condition>
</trans>

<trans id="247" from="16" to="17">
<condition id="208">
<or_exp><and_exp></and_exp></or_exp>
</condition>
</trans>

<trans id="248" from="17" to="18">
<condition id="209">
<or_exp><and_exp></and_exp></or_exp>
</condition>
</trans>

<trans id="249" from="18" to="19">
<condition id="210">
<or_exp><and_exp></and_exp></or_exp>
</condition>
</trans>

<trans id="250" from="19" to="20">
<condition id="211">
<or_exp><and_exp></and_exp></or_exp>
</condition>
</trans>

<trans id="251" from="20" to="21">
<condition id="212">
<or_exp><and_exp></and_exp></or_exp>
</condition>
</trans>

<trans id="252" from="21" to="22">
<condition id="213">
<or_exp><and_exp></and_exp></or_exp>
</condition>
</trans>
</trans_list>



<state_list>

<state id="1" st_id="1">

<operation id="23" st_id="1" stage="1" lat="1">
<core>NULL</core>
<MemPortIdVec></MemPortIdVec>
<condition id="-1">
<or_exp><and_exp></and_exp></or_exp>
</condition>

<node id="5" bw="16" op_0_bw="16" op_1_bw="16">
<![CDATA[
ap_fixed_base.exit:1  %theta_in_V_read = call i16 @_ssdm_op_Read.ap_auto.i16(i16 %theta_in_V)

]]></node>
<StgValue><ssdm name="theta_in_V_read"/></StgValue>
</operation>

<operation id="24" st_id="1" stage="1" lat="1">
<core>NULL</core>
<MemPortIdVec></MemPortIdVec>
<condition id="-1">
<or_exp><and_exp></and_exp></or_exp>
</condition>

<node id="6" bw="1" op_0_bw="1" op_1_bw="16" op_2_bw="32">
<![CDATA[
ap_fixed_base.exit:2  %neg = call i1 @_ssdm_op_BitSelect.i1.i16.i32(i16 %theta_in_V_read, i32 15)

]]></node>
<StgValue><ssdm name="neg"/></StgValue>
</operation>

<operation id="25" st_id="1" stage="1" lat="1">
<core>AddSub</core>
<MemPortIdVec></MemPortIdVec>
<condition id="-1">
<or_exp><and_exp></and_exp></or_exp>
</condition>

<node id="7" bw="16" op_0_bw="16" op_1_bw="16">
<![CDATA[
ap_fixed_base.exit:3  %p_Val2_s = sub i16 0, %theta_in_V_read

]]></node>
<StgValue><ssdm name="p_Val2_s"/></StgValue>
</operation>

<operation id="26" st_id="1" stage="1" lat="1">
<core>Sel</core>
<MemPortIdVec></MemPortIdVec>
<condition id="-1">
<or_exp><and_exp></and_exp></or_exp>
</condition>

<node id="8" bw="16" op_0_bw="1" op_1_bw="16" op_2_bw="16">
<![CDATA[
ap_fixed_base.exit:4  %p_Val2_s_54 = select i1 %neg, i16 %p_Val2_s, i16 %theta_in_V_read

]]></node>
<StgValue><ssdm name="p_Val2_s_54"/></StgValue>
</operation>

<operation id="27" st_id="1" stage="1" lat="1">
<core>Cmp</core>
<MemPortIdVec></MemPortIdVec>
<condition id="-1">
<or_exp><and_exp></and_exp></or_exp>
</condition>

<node id="9" bw="1" op_0_bw="16" op_1_bw="16">
<![CDATA[
ap_fixed_base.exit:5  %tmp_s = icmp slt i16 %p_Val2_s_54, 2560

]]></node>
<StgValue><ssdm name="tmp_s"/></StgValue>
</operation>

<operation id="28" st_id="1" stage="1" lat="1">
<core>NULL</core>
<MemPortIdVec></MemPortIdVec>
<condition id="0">
<or_exp><and_exp><literal name="tmp_s" val="1"/>
</and_exp></or_exp>
</condition>

<node id="13" bw="7" op_0_bw="7" op_1_bw="16" op_2_bw="32" op_3_bw="32">
<![CDATA[
_ifconv:1  %ret_V = call i7 @_ssdm_op_PartSelect.i7.i16.i32.i32(i16 %p_Val2_s_54, i32 9, i32 15)

]]></node>
<StgValue><ssdm name="ret_V"/></StgValue>
</operation>

<operation id="29" st_id="1" stage="1" lat="1">
<core>NULL</core>
<MemPortIdVec></MemPortIdVec>
<condition id="0">
<or_exp><and_exp><literal name="tmp_s" val="1"/>
</and_exp></or_exp>
</condition>

<node id="14" bw="1" op_0_bw="1" op_1_bw="16" op_2_bw="32">
<![CDATA[
_ifconv:2  %tmp_406 = call i1 @_ssdm_op_BitSelect.i1.i16.i32(i16 %p_Val2_s_54, i32 15)

]]></node>
<StgValue><ssdm name="tmp_406"/></StgValue>
</operation>

<operation id="30" st_id="1" stage="1" lat="1">
<core>NULL</core>
<MemPortIdVec></MemPortIdVec>
<condition id="0">
<or_exp><and_exp><literal name="tmp_s" val="1"/>
</and_exp></or_exp>
</condition>

<node id="15" bw="9" op_0_bw="16">
<![CDATA[
_ifconv:3  %tmp_407 = trunc i16 %p_Val2_s_54 to i9

]]></node>
<StgValue><ssdm name="tmp_407"/></StgValue>
</operation>

<operation id="31" st_id="1" stage="1" lat="1">
<core>Cmp</core>
<MemPortIdVec></MemPortIdVec>
<condition id="0">
<or_exp><and_exp><literal name="tmp_s" val="1"/>
</and_exp></or_exp>
</condition>

<node id="16" bw="1" op_0_bw="9" op_1_bw="9">
<![CDATA[
_ifconv:4  %tmp_20 = icmp eq i9 %tmp_407, 0

]]></node>
<StgValue><ssdm name="tmp_20"/></StgValue>
</operation>

<operation id="32" st_id="1" stage="1" lat="1">
<core>AddSub</core>
<MemPortIdVec></MemPortIdVec>
<condition id="0">
<or_exp><and_exp><literal name="tmp_s" val="1"/>
</and_exp></or_exp>
</condition>

<node id="17" bw="7" op_0_bw="7" op_1_bw="7">
<![CDATA[
_ifconv:5  %ret_V_1 = add i7 1, %ret_V

]]></node>
<StgValue><ssdm name="ret_V_1"/></StgValue>
</operation>

<operation id="33" st_id="1" stage="1" lat="1">
<core>Sel</core>
<MemPortIdVec></MemPortIdVec>
<condition id="0">
<or_exp><and_exp><literal name="tmp_s" val="1"/>
</and_exp></or_exp>
</condition>

<node id="18" bw="7" op_0_bw="1" op_1_bw="7" op_2_bw="7">
<![CDATA[
_ifconv:6  %p_s = select i1 %tmp_20, i7 %ret_V, i7 %ret_V_1

]]></node>
<StgValue><ssdm name="p_s"/></StgValue>
</operation>

<operation id="34" st_id="1" stage="1" lat="1">
<core>Sel</core>
<MemPortIdVec></MemPortIdVec>
<condition id="0">
<or_exp><and_exp><literal name="tmp_s" val="1"/>
</and_exp></or_exp>
</condition>

<node id="19" bw="7" op_0_bw="1" op_1_bw="7" op_2_bw="7">
<![CDATA[
_ifconv:7  %p_1 = select i1 %tmp_406, i7 %p_s, i7 %ret_V

]]></node>
<StgValue><ssdm name="p_1"/></StgValue>
</operation>
</state>

<state id="2" st_id="2">

<operation id="35" st_id="2" stage="1" lat="1">
<core>NULL</core>
<MemPortIdVec></MemPortIdVec>
<condition id="-1">
<or_exp><and_exp></and_exp></or_exp>
</condition>

<node id="10" bw="0" op_0_bw="1" op_1_bw="0" op_2_bw="0">
<![CDATA[
ap_fixed_base.exit:6  br i1 %tmp_s, label %_ifconv, label %ap_fixed_base.exit1

]]></node>
<StgValue><ssdm name=""/></StgValue>
</operation>

<operation id="36" st_id="2" stage="1" lat="1">
<core>NULL</core>
<MemPortIdVec></MemPortIdVec>
<condition id="0">
<or_exp><and_exp><literal name="tmp_s" val="1"/>
</and_exp></or_exp>
</condition>

<node id="20" bw="16" op_0_bw="16" op_1_bw="7" op_2_bw="9">
<![CDATA[
_ifconv:8  %tmp_22 = call i16 @_ssdm_op_BitConcatenate.i16.i7.i9(i7 %p_1, i9 0)

]]></node>
<StgValue><ssdm name="tmp_22"/></StgValue>
</operation>

<operation id="37" st_id="2" stage="1" lat="1">
<core>AddSub</core>
<MemPortIdVec></MemPortIdVec>
<condition id="0">
<or_exp><and_exp><literal name="tmp_s" val="1"/>
</and_exp></or_exp>
</condition>

<node id="21" bw="16" op_0_bw="16" op_1_bw="16">
<![CDATA[
_ifconv:9  %theta_in_V_assign = sub i16 %p_Val2_s_54, %tmp_22

]]></node>
<StgValue><ssdm name="theta_in_V_assign"/></StgValue>
</operation>

<operation id="38" st_id="2" stage="1" lat="1">
<core>NULL</core>
<MemPortIdVec></MemPortIdVec>
<condition id="0">
<or_exp><and_exp><literal name="tmp_s" val="1"/>
</and_exp></or_exp>
</condition>

<node id="22" bw="1" op_0_bw="1" op_1_bw="16" op_2_bw="32">
<![CDATA[
_ifconv:10  %tmp_408 = call i1 @_ssdm_op_BitSelect.i1.i16.i32(i16 %theta_in_V_assign, i32 15)

]]></node>
<StgValue><ssdm name="tmp_408"/></StgValue>
</operation>

<operation id="39" st_id="2" stage="1" lat="1">
<core>NULL</core>
<MemPortIdVec></MemPortIdVec>
<condition id="0">
<or_exp><and_exp><literal name="tmp_s" val="1"/>
</and_exp></or_exp>
</condition>

<node id="24" bw="19" op_0_bw="19" op_1_bw="16" op_2_bw="3">
<![CDATA[
_ifconv:12  %tmp_140 = call i19 @_ssdm_op_BitConcatenate.i19.i16.i3(i16 %theta_in_V_assign, i3 0)

]]></node>
<StgValue><ssdm name="tmp_140"/></StgValue>
</operation>

<operation id="40" st_id="2" stage="1" lat="1">
<core>NULL</core>
<MemPortIdVec></MemPortIdVec>
<condition id="0">
<or_exp><and_exp><literal name="tmp_s" val="1"/>
</and_exp></or_exp>
</condition>

<node id="25" bw="21" op_0_bw="19">
<![CDATA[
_ifconv:13  %tmp_140_cast = sext i19 %tmp_140 to i21

]]></node>
<StgValue><ssdm name="tmp_140_cast"/></StgValue>
</operation>

<operation id="41" st_id="2" stage="1" lat="1">
<core>Sel</core>
<MemPortIdVec></MemPortIdVec>
<condition id="0">
<or_exp><and_exp><literal name="tmp_s" val="1"/>
</and_exp></or_exp>
</condition>

<node id="26" bw="21" op_0_bw="1" op_1_bw="21" op_2_bw="21">
<![CDATA[
_ifconv:14  %tmp_450_cast_cast = select i1 %tmp_408, i21 522039, i21 2249

]]></node>
<StgValue><ssdm name="tmp_450_cast_cast"/></StgValue>
</operation>

<operation id="42" st_id="2" stage="1" lat="1">
<core>AddSub</core>
<MemPortIdVec></MemPortIdVec>
<condition id="0">
<or_exp><and_exp><literal name="tmp_s" val="1"/>
</and_exp></or_exp>
</condition>

<node id="27" bw="21" op_0_bw="21" op_1_bw="21">
<![CDATA[
_ifconv:15  %p_Val2_46 = sub i21 %tmp_140_cast, %tmp_450_cast_cast

]]></node>
<StgValue><ssdm name="p_Val2_46"/></StgValue>
</operation>

<operation id="43" st_id="2" stage="1" lat="1">
<core>NULL</core>
<MemPortIdVec></MemPortIdVec>
<condition id="0">
<or_exp><and_exp><literal name="tmp_s" val="1"/>
</and_exp></or_exp>
</condition>

<node id="28" bw="1" op_0_bw="1" op_1_bw="21" op_2_bw="32">
<![CDATA[
_ifconv:16  %tmp_409 = call i1 @_ssdm_op_BitSelect.i1.i21.i32(i21 %p_Val2_46, i32 18)

]]></node>
<StgValue><ssdm name="tmp_409"/></StgValue>
</operation>

<operation id="44" st_id="2" stage="1" lat="1">
<core>NULL</core>
<MemPortIdVec></MemPortIdVec>
<condition id="0">
<or_exp><and_exp><literal name="tmp_s" val="1"/>
</and_exp></or_exp>
</condition>

<node id="37" bw="16" op_0_bw="16" op_1_bw="21" op_2_bw="32" op_3_bw="32">
<![CDATA[
_ifconv:25  %tmp_269 = call i16 @_ssdm_op_PartSelect.i16.i21.i32.i32(i21 %p_Val2_46, i32 3, i32 18)

]]></node>
<StgValue><ssdm name="tmp_269"/></StgValue>
</operation>

<operation id="45" st_id="2" stage="1" lat="1">
<core>NULL</core>
<MemPortIdVec></MemPortIdVec>
<condition id="0">
<or_exp><and_exp><literal name="tmp_s" val="1"/>
</and_exp></or_exp>
</condition>

<node id="38" bw="19" op_0_bw="19" op_1_bw="16" op_2_bw="3">
<![CDATA[
_ifconv:26  %tmp_140_1 = call i19 @_ssdm_op_BitConcatenate.i19.i16.i3(i16 %tmp_269, i3 0)

]]></node>
<StgValue><ssdm name="tmp_140_1"/></StgValue>
</operation>

<operation id="46" st_id="2" stage="1" lat="1">
<core>NULL</core>
<MemPortIdVec></MemPortIdVec>
<condition id="0">
<or_exp><and_exp><literal name="tmp_s" val="1"/>
</and_exp></or_exp>
</condition>

<node id="39" bw="21" op_0_bw="19">
<![CDATA[
_ifconv:27  %tmp_140_1_cast = sext i19 %tmp_140_1 to i21

]]></node>
<StgValue><ssdm name="tmp_140_1_cast"/></StgValue>
</operation>

<operation id="47" st_id="2" stage="1" lat="1">
<core>Sel</core>
<MemPortIdVec></MemPortIdVec>
<condition id="0">
<or_exp><and_exp><literal name="tmp_s" val="1"/>
</and_exp></or_exp>
</condition>

<node id="40" bw="21" op_0_bw="1" op_1_bw="21" op_2_bw="21">
<![CDATA[
_ifconv:28  %tmp_1418_1_cast_cast = select i1 %tmp_409, i21 523242, i21 1046

]]></node>
<StgValue><ssdm name="tmp_1418_1_cast_cast"/></StgValue>
</operation>

<operation id="48" st_id="2" stage="1" lat="1">
<core>AddSub</core>
<MemPortIdVec></MemPortIdVec>
<condition id="0">
<or_exp><and_exp><literal name="tmp_s" val="1"/>
</and_exp></or_exp>
</condition>

<node id="41" bw="21" op_0_bw="21" op_1_bw="21">
<![CDATA[
_ifconv:29  %p_Val2_116_1 = sub i21 %tmp_140_1_cast, %tmp_1418_1_cast_cast

]]></node>
<StgValue><ssdm name="p_Val2_116_1"/></StgValue>
</operation>

<operation id="49" st_id="2" stage="1" lat="1">
<core>NULL</core>
<MemPortIdVec></MemPortIdVec>
<condition id="0">
<or_exp><and_exp><literal name="tmp_s" val="1"/>
</and_exp></or_exp>
</condition>

<node id="42" bw="1" op_0_bw="1" op_1_bw="21" op_2_bw="32">
<![CDATA[
_ifconv:30  %tmp_410 = call i1 @_ssdm_op_BitSelect.i1.i21.i32(i21 %p_Val2_116_1, i32 18)

]]></node>
<StgValue><ssdm name="tmp_410"/></StgValue>
</operation>

<operation id="50" st_id="2" stage="1" lat="1">
<core>NULL</core>
<MemPortIdVec></MemPortIdVec>
<condition id="0">
<or_exp><and_exp><literal name="tmp_s" val="1"/>
</and_exp></or_exp>
</condition>

<node id="59" bw="16" op_0_bw="16" op_1_bw="21" op_2_bw="32" op_3_bw="32">
<![CDATA[
_ifconv:47  %tmp_277 = call i16 @_ssdm_op_PartSelect.i16.i21.i32.i32(i21 %p_Val2_116_1, i32 3, i32 18)

]]></node>
<StgValue><ssdm name="tmp_277"/></StgValue>
</operation>

<operation id="51" st_id="2" stage="1" lat="1">
<core>NULL</core>
<MemPortIdVec></MemPortIdVec>
<condition id="0">
<or_exp><and_exp><literal name="tmp_s" val="1"/>
</and_exp></or_exp>
</condition>

<node id="60" bw="19" op_0_bw="19" op_1_bw="16" op_2_bw="3">
<![CDATA[
_ifconv:48  %tmp_140_2 = call i19 @_ssdm_op_BitConcatenate.i19.i16.i3(i16 %tmp_277, i3 0)

]]></node>
<StgValue><ssdm name="tmp_140_2"/></StgValue>
</operation>

<operation id="52" st_id="2" stage="1" lat="1">
<core>NULL</core>
<MemPortIdVec></MemPortIdVec>
<condition id="0">
<or_exp><and_exp><literal name="tmp_s" val="1"/>
</and_exp></or_exp>
</condition>

<node id="61" bw="21" op_0_bw="19">
<![CDATA[
_ifconv:49  %tmp_140_2_cast = sext i19 %tmp_140_2 to i21

]]></node>
<StgValue><ssdm name="tmp_140_2_cast"/></StgValue>
</operation>

<operation id="53" st_id="2" stage="1" lat="1">
<core>Sel</core>
<MemPortIdVec></MemPortIdVec>
<condition id="0">
<or_exp><and_exp><literal name="tmp_s" val="1"/>
</and_exp></or_exp>
</condition>

<node id="62" bw="21" op_0_bw="1" op_1_bw="21" op_2_bw="21">
<![CDATA[
_ifconv:50  %tmp_1418_2_cast_cast = select i1 %tmp_410, i21 523774, i21 514

]]></node>
<StgValue><ssdm name="tmp_1418_2_cast_cast"/></StgValue>
</operation>

<operation id="54" st_id="2" stage="1" lat="1">
<core>AddSub</core>
<MemPortIdVec></MemPortIdVec>
<condition id="0">
<or_exp><and_exp><literal name="tmp_s" val="1"/>
</and_exp></or_exp>
</condition>

<node id="63" bw="21" op_0_bw="21" op_1_bw="21">
<![CDATA[
_ifconv:51  %p_Val2_116_2 = sub i21 %tmp_140_2_cast, %tmp_1418_2_cast_cast

]]></node>
<StgValue><ssdm name="p_Val2_116_2"/></StgValue>
</operation>

<operation id="55" st_id="2" stage="1" lat="1">
<core>NULL</core>
<MemPortIdVec></MemPortIdVec>
<condition id="0">
<or_exp><and_exp><literal name="tmp_s" val="1"/>
</and_exp></or_exp>
</condition>

<node id="64" bw="1" op_0_bw="1" op_1_bw="21" op_2_bw="32">
<![CDATA[
_ifconv:52  %tmp_416 = call i1 @_ssdm_op_BitSelect.i1.i21.i32(i21 %p_Val2_116_2, i32 18)

]]></node>
<StgValue><ssdm name="tmp_416"/></StgValue>
</operation>
</state>

<state id="3" st_id="3">

<operation id="56" st_id="3" stage="1" lat="1">
<core>Sel</core>
<MemPortIdVec></MemPortIdVec>
<condition id="0">
<or_exp><and_exp><literal name="tmp_s" val="1"/>
</and_exp></or_exp>
</condition>

<node id="23" bw="13" op_0_bw="1" op_1_bw="13" op_2_bw="13">
<![CDATA[
_ifconv:11  %tmp_385 = select i1 %tmp_408, i13 -2473, i13 2472

]]></node>
<StgValue><ssdm name="tmp_385"/></StgValue>
</operation>

<operation id="57" st_id="3" stage="1" lat="1">
<core>Sel</core>
<MemPortIdVec></MemPortIdVec>
<condition id="215">
<or_exp><and_exp><literal name="tmp_s" val="1"/>
<literal name="tmp_409" val="0"/>
</and_exp></or_exp>
</condition>

<node id="29" bw="11" op_0_bw="1" op_1_bw="11" op_2_bw="11">
<![CDATA[
_ifconv:17  %OP2_V_18_1 = select i1 %tmp_408, i11 -619, i11 618

]]></node>
<StgValue><ssdm name="OP2_V_18_1"/></StgValue>
</operation>

<operation id="58" st_id="3" stage="1" lat="1">
<core>Sel</core>
<MemPortIdVec></MemPortIdVec>
<condition id="214">
<or_exp><and_exp><literal name="tmp_s" val="1"/>
<literal name="tmp_409" val="1"/>
</and_exp></or_exp>
</condition>

<node id="30" bw="11" op_0_bw="1" op_1_bw="11" op_2_bw="11">
<![CDATA[
_ifconv:18  %mf_1 = select i1 %tmp_408, i11 618, i11 -618

]]></node>
<StgValue><ssdm name="mf_1"/></StgValue>
</operation>

<operation id="59" st_id="3" stage="1" lat="1">
<core>Sel</core>
<MemPortIdVec></MemPortIdVec>
<condition id="0">
<or_exp><and_exp><literal name="tmp_s" val="1"/>
</and_exp></or_exp>
</condition>

<node id="31" bw="11" op_0_bw="1" op_1_bw="11" op_2_bw="11">
<![CDATA[
_ifconv:19  %tmp_127_1 = select i1 %tmp_409, i11 %mf_1, i11 %OP2_V_18_1

]]></node>
<StgValue><ssdm name="tmp_127_1"/></StgValue>
</operation>

<operation id="60" st_id="3" stage="1" lat="1">
<core>NULL</core>
<MemPortIdVec></MemPortIdVec>
<condition id="0">
<or_exp><and_exp><literal name="tmp_s" val="1"/>
</and_exp></or_exp>
</condition>

<node id="32" bw="13" op_0_bw="11">
<![CDATA[
_ifconv:20  %tmp_127_1_cast = sext i11 %tmp_127_1 to i13

]]></node>
<StgValue><ssdm name="tmp_127_1_cast"/></StgValue>
</operation>

<operation id="61" st_id="3" stage="1" lat="1">
<core>AddSub</core>
<MemPortIdVec></MemPortIdVec>
<condition id="0">
<or_exp><and_exp><literal name="tmp_s" val="1"/>
</and_exp></or_exp>
</condition>

<node id="33" bw="13" op_0_bw="13" op_1_bw="13">
<![CDATA[
_ifconv:21  %p_Val2_111_1 = add i13 -3247, %tmp_127_1_cast

]]></node>
<StgValue><ssdm name="p_Val2_111_1"/></StgValue>
</operation>

<operation id="62" st_id="3" stage="1" lat="1">
<core>Sel</core>
<MemPortIdVec></MemPortIdVec>
<condition id="0">
<or_exp><and_exp><literal name="tmp_s" val="1"/>
</and_exp></or_exp>
</condition>

<node id="34" bw="13" op_0_bw="1" op_1_bw="13" op_2_bw="13">
<![CDATA[
_ifconv:22  %tmp_1356_1_cast_cast = select i1 %tmp_409, i13 -1237, i13 1236

]]></node>
<StgValue><ssdm name="tmp_1356_1_cast_cast"/></StgValue>
</operation>

<operation id="63" st_id="3" stage="1" lat="1">
<core>AddSub</core>
<MemPortIdVec></MemPortIdVec>
<condition id="0">
<or_exp><and_exp><literal name="tmp_s" val="1"/>
</and_exp></or_exp>
</condition>

<node id="35" bw="13" op_0_bw="13" op_1_bw="13">
<![CDATA[
_ifconv:23  %p_Val2_114_1 = add i13 %tmp_385, %tmp_1356_1_cast_cast

]]></node>
<StgValue><ssdm name="p_Val2_114_1"/></StgValue>
</operation>

<operation id="64" st_id="3" stage="1" lat="1">
<core>NULL</core>
<MemPortIdVec></MemPortIdVec>
<condition id="0">
<or_exp><and_exp><literal name="tmp_s" val="1"/>
</and_exp></or_exp>
</condition>

<node id="36" bw="14" op_0_bw="13">
<![CDATA[
_ifconv:24  %p_Val2_114_1_cast_cast = sext i13 %p_Val2_114_1 to i14

]]></node>
<StgValue><ssdm name="p_Val2_114_1_cast_cast"/></StgValue>
</operation>

<operation id="65" st_id="3" stage="1" lat="1">
<core>AddSub</core>
<MemPortIdVec></MemPortIdVec>
<condition id="217">
<or_exp><and_exp><literal name="tmp_s" val="1"/>
<literal name="tmp_410" val="1"/>
</and_exp></or_exp>
</condition>

<node id="43" bw="13" op_0_bw="13" op_1_bw="13">
<![CDATA[
_ifconv:31  %mf_2 = sub i13 0, %p_Val2_114_1

]]></node>
<StgValue><ssdm name="mf_2"/></StgValue>
</operation>

<operation id="66" st_id="3" stage="1" lat="1">
<core>NULL</core>
<MemPortIdVec></MemPortIdVec>
<condition id="216">
<or_exp><and_exp><literal name="tmp_s" val="1"/>
<literal name="tmp_410" val="1"/>
</and_exp></or_exp>
</condition>

<node id="44" bw="10" op_0_bw="10" op_1_bw="13" op_2_bw="32" op_3_bw="32">
<![CDATA[
_ifconv:32  %tmp_411 = call i10 @_ssdm_op_PartSelect.i10.i13.i32.i32(i13 %mf_2, i32 3, i32 12)

]]></node>
<StgValue><ssdm name="tmp_411"/></StgValue>
</operation>

<operation id="67" st_id="3" stage="1" lat="1">
<core>NULL</core>
<MemPortIdVec></MemPortIdVec>
<condition id="218">
<or_exp><and_exp><literal name="tmp_s" val="1"/>
<literal name="tmp_410" val="0"/>
</and_exp></or_exp>
</condition>

<node id="45" bw="10" op_0_bw="10" op_1_bw="13" op_2_bw="32" op_3_bw="32">
<![CDATA[
_ifconv:33  %tmp_412 = call i10 @_ssdm_op_PartSelect.i10.i13.i32.i32(i13 %p_Val2_114_1, i32 3, i32 12)

]]></node>
<StgValue><ssdm name="tmp_412"/></StgValue>
</operation>

<operation id="68" st_id="3" stage="1" lat="1">
<core>Sel</core>
<MemPortIdVec></MemPortIdVec>
<condition id="0">
<or_exp><and_exp><literal name="tmp_s" val="1"/>
</and_exp></or_exp>
</condition>

<node id="46" bw="10" op_0_bw="1" op_1_bw="10" op_2_bw="10">
<![CDATA[
_ifconv:34  %tmp_413 = select i1 %tmp_410, i10 %tmp_411, i10 %tmp_412

]]></node>
<StgValue><ssdm name="tmp_413"/></StgValue>
</operation>

<operation id="69" st_id="3" stage="1" lat="1">
<core>NULL</core>
<MemPortIdVec></MemPortIdVec>
<condition id="0">
<or_exp><and_exp><literal name="tmp_s" val="1"/>
</and_exp></or_exp>
</condition>

<node id="47" bw="13" op_0_bw="10">
<![CDATA[
_ifconv:35  %tmp_1304_2_cast = sext i10 %tmp_413 to i13

]]></node>
<StgValue><ssdm name="tmp_1304_2_cast"/></StgValue>
</operation>

<operation id="70" st_id="3" stage="1" lat="1">
<core>AddSub</core>
<MemPortIdVec></MemPortIdVec>
<condition id="0">
<or_exp><and_exp><literal name="tmp_s" val="1"/>
</and_exp></or_exp>
</condition>

<node id="48" bw="13" op_0_bw="13" op_1_bw="13">
<![CDATA[
_ifconv:36  %p_Val2_111_2 = add i13 %p_Val2_111_1, %tmp_1304_2_cast

]]></node>
<StgValue><ssdm name="p_Val2_111_2"/></StgValue>
</operation>

<operation id="71" st_id="3" stage="1" lat="1">
<core>NULL</core>
<MemPortIdVec></MemPortIdVec>
<condition id="221">
<or_exp><and_exp><literal name="tmp_s" val="1"/>
<literal name="tmp_410" val="1"/>
</and_exp></or_exp>
</condition>

<node id="50" bw="14" op_0_bw="13">
<![CDATA[
_ifconv:38  %OP2_V_19_2_cast = zext i13 %p_Val2_111_1 to i14

]]></node>
<StgValue><ssdm name="OP2_V_19_2_cast"/></StgValue>
</operation>

<operation id="72" st_id="3" stage="1" lat="1">
<core>AddSub</core>
<MemPortIdVec></MemPortIdVec>
<condition id="220">
<or_exp><and_exp><literal name="tmp_s" val="1"/>
<literal name="tmp_410" val="1"/>
</and_exp></or_exp>
</condition>

<node id="51" bw="14" op_0_bw="14" op_1_bw="14">
<![CDATA[
_ifconv:39  %mf15_2 = sub i14 0, %OP2_V_19_2_cast

]]></node>
<StgValue><ssdm name="mf15_2"/></StgValue>
</operation>

<operation id="73" st_id="3" stage="1" lat="1">
<core>NULL</core>
<MemPortIdVec></MemPortIdVec>
<condition id="223">
<or_exp><and_exp><literal name="tmp_s" val="1"/>
<literal name="tmp_410" val="0"/>
</and_exp></or_exp>
</condition>

<node id="52" bw="10" op_0_bw="10" op_1_bw="13" op_2_bw="32" op_3_bw="32">
<![CDATA[
_ifconv:40  %tmp_273 = call i10 @_ssdm_op_PartSelect.i10.i13.i32.i32(i13 %p_Val2_111_1, i32 3, i32 12)

]]></node>
<StgValue><ssdm name="tmp_273"/></StgValue>
</operation>

<operation id="74" st_id="3" stage="1" lat="1">
<core>NULL</core>
<MemPortIdVec></MemPortIdVec>
<condition id="222">
<or_exp><and_exp><literal name="tmp_s" val="1"/>
<literal name="tmp_410" val="0"/>
</and_exp></or_exp>
</condition>

<node id="53" bw="11" op_0_bw="10">
<![CDATA[
_ifconv:41  %tmp_274 = zext i10 %tmp_273 to i11

]]></node>
<StgValue><ssdm name="tmp_274"/></StgValue>
</operation>

<operation id="75" st_id="3" stage="1" lat="1">
<core>NULL</core>
<MemPortIdVec></MemPortIdVec>
<condition id="219">
<or_exp><and_exp><literal name="tmp_s" val="1"/>
<literal name="tmp_410" val="1"/>
</and_exp></or_exp>
</condition>

<node id="54" bw="11" op_0_bw="11" op_1_bw="14" op_2_bw="32" op_3_bw="32">
<![CDATA[
_ifconv:42  %tmp_414 = call i11 @_ssdm_op_PartSelect.i11.i14.i32.i32(i14 %mf15_2, i32 3, i32 13)

]]></node>
<StgValue><ssdm name="tmp_414"/></StgValue>
</operation>

<operation id="76" st_id="3" stage="1" lat="1">
<core>Sel</core>
<MemPortIdVec></MemPortIdVec>
<condition id="0">
<or_exp><and_exp><literal name="tmp_s" val="1"/>
</and_exp></or_exp>
</condition>

<node id="55" bw="11" op_0_bw="1" op_1_bw="11" op_2_bw="11">
<![CDATA[
_ifconv:43  %tmp_415 = select i1 %tmp_410, i11 %tmp_414, i11 %tmp_274

]]></node>
<StgValue><ssdm name="tmp_415"/></StgValue>
</operation>

<operation id="77" st_id="3" stage="1" lat="1">
<core>NULL</core>
<MemPortIdVec></MemPortIdVec>
<condition id="0">
<or_exp><and_exp><literal name="tmp_s" val="1"/>
</and_exp></or_exp>
</condition>

<node id="56" bw="14" op_0_bw="11">
<![CDATA[
_ifconv:44  %tmp_1356_2_cast = sext i11 %tmp_415 to i14

]]></node>
<StgValue><ssdm name="tmp_1356_2_cast"/></StgValue>
</operation>

<operation id="78" st_id="3" stage="1" lat="1">
<core>AddSub</core>
<MemPortIdVec></MemPortIdVec>
<condition id="0">
<or_exp><and_exp><literal name="tmp_s" val="1"/>
</and_exp></or_exp>
</condition>

<node id="57" bw="14" op_0_bw="14" op_1_bw="14">
<![CDATA[
_ifconv:45  %p_Val2_114_2 = add i14 %p_Val2_114_1_cast_cast, %tmp_1356_2_cast

]]></node>
<StgValue><ssdm name="p_Val2_114_2"/></StgValue>
</operation>

<operation id="79" st_id="3" stage="1" lat="1">
<core>AddSub</core>
<MemPortIdVec></MemPortIdVec>
<condition id="225">
<or_exp><and_exp><literal name="tmp_s" val="1"/>
<literal name="tmp_416" val="1"/>
</and_exp></or_exp>
</condition>

<node id="65" bw="14" op_0_bw="14" op_1_bw="14">
<![CDATA[
_ifconv:53  %mf_3 = sub i14 0, %p_Val2_114_2

]]></node>
<StgValue><ssdm name="mf_3"/></StgValue>
</operation>

<operation id="80" st_id="3" stage="1" lat="1">
<core>NULL</core>
<MemPortIdVec></MemPortIdVec>
<condition id="230">
<or_exp><and_exp><literal name="tmp_s" val="1"/>
<literal name="tmp_416" val="1"/>
</and_exp></or_exp>
</condition>

<node id="71" bw="14" op_0_bw="13">
<![CDATA[
_ifconv:59  %OP2_V_19_3_cast_cast = zext i13 %p_Val2_111_2 to i14

]]></node>
<StgValue><ssdm name="OP2_V_19_3_cast_cast"/></StgValue>
</operation>

<operation id="81" st_id="3" stage="1" lat="1">
<core>AddSub</core>
<MemPortIdVec></MemPortIdVec>
<condition id="229">
<or_exp><and_exp><literal name="tmp_s" val="1"/>
<literal name="tmp_416" val="1"/>
</and_exp></or_exp>
</condition>

<node id="72" bw="14" op_0_bw="14" op_1_bw="14">
<![CDATA[
_ifconv:60  %mf15_3 = sub i14 0, %OP2_V_19_3_cast_cast

]]></node>
<StgValue><ssdm name="mf15_3"/></StgValue>
</operation>

<operation id="82" st_id="3" stage="1" lat="1">
<core>NULL</core>
<MemPortIdVec></MemPortIdVec>
<condition id="0">
<or_exp><and_exp><literal name="tmp_s" val="1"/>
</and_exp></or_exp>
</condition>

<node id="80" bw="16" op_0_bw="16" op_1_bw="21" op_2_bw="32" op_3_bw="32">
<![CDATA[
_ifconv:68  %tmp_286 = call i16 @_ssdm_op_PartSelect.i16.i21.i32.i32(i21 %p_Val2_116_2, i32 3, i32 18)

]]></node>
<StgValue><ssdm name="tmp_286"/></StgValue>
</operation>

<operation id="83" st_id="3" stage="1" lat="1">
<core>NULL</core>
<MemPortIdVec></MemPortIdVec>
<condition id="0">
<or_exp><and_exp><literal name="tmp_s" val="1"/>
</and_exp></or_exp>
</condition>

<node id="81" bw="19" op_0_bw="19" op_1_bw="16" op_2_bw="3">
<![CDATA[
_ifconv:69  %tmp_140_3 = call i19 @_ssdm_op_BitConcatenate.i19.i16.i3(i16 %tmp_286, i3 0)

]]></node>
<StgValue><ssdm name="tmp_140_3"/></StgValue>
</operation>

<operation id="84" st_id="3" stage="1" lat="1">
<core>NULL</core>
<MemPortIdVec></MemPortIdVec>
<condition id="0">
<or_exp><and_exp><literal name="tmp_s" val="1"/>
</and_exp></or_exp>
</condition>

<node id="82" bw="21" op_0_bw="19">
<![CDATA[
_ifconv:70  %tmp_140_3_cast = sext i19 %tmp_140_3 to i21

]]></node>
<StgValue><ssdm name="tmp_140_3_cast"/></StgValue>
</operation>

<operation id="85" st_id="3" stage="1" lat="1">
<core>Sel</core>
<MemPortIdVec></MemPortIdVec>
<condition id="0">
<or_exp><and_exp><literal name="tmp_s" val="1"/>
</and_exp></or_exp>
</condition>

<node id="83" bw="21" op_0_bw="1" op_1_bw="21" op_2_bw="21">
<![CDATA[
_ifconv:71  %tmp_1418_3_cast_cast = select i1 %tmp_416, i21 524032, i21 256

]]></node>
<StgValue><ssdm name="tmp_1418_3_cast_cast"/></StgValue>
</operation>

<operation id="86" st_id="3" stage="1" lat="1">
<core>AddSub</core>
<MemPortIdVec></MemPortIdVec>
<condition id="0">
<or_exp><and_exp><literal name="tmp_s" val="1"/>
</and_exp></or_exp>
</condition>

<node id="84" bw="21" op_0_bw="21" op_1_bw="21">
<![CDATA[
_ifconv:72  %p_Val2_116_3 = sub i21 %tmp_140_3_cast, %tmp_1418_3_cast_cast

]]></node>
<StgValue><ssdm name="p_Val2_116_3"/></StgValue>
</operation>

<operation id="87" st_id="3" stage="1" lat="1">
<core>NULL</core>
<MemPortIdVec></MemPortIdVec>
<condition id="0">
<or_exp><and_exp><literal name="tmp_s" val="1"/>
</and_exp></or_exp>
</condition>

<node id="85" bw="1" op_0_bw="1" op_1_bw="21" op_2_bw="32">
<![CDATA[
_ifconv:73  %tmp_422 = call i1 @_ssdm_op_BitSelect.i1.i21.i32(i21 %p_Val2_116_3, i32 18)

]]></node>
<StgValue><ssdm name="tmp_422"/></StgValue>
</operation>

<operation id="88" st_id="3" stage="1" lat="1">
<core>NULL</core>
<MemPortIdVec></MemPortIdVec>
<condition id="0">
<or_exp><and_exp><literal name="tmp_s" val="1"/>
</and_exp></or_exp>
</condition>

<node id="98" bw="16" op_0_bw="16" op_1_bw="21" op_2_bw="32" op_3_bw="32">
<![CDATA[
_ifconv:86  %tmp_295 = call i16 @_ssdm_op_PartSelect.i16.i21.i32.i32(i21 %p_Val2_116_3, i32 3, i32 18)

]]></node>
<StgValue><ssdm name="tmp_295"/></StgValue>
</operation>

<operation id="89" st_id="3" stage="1" lat="1">
<core>NULL</core>
<MemPortIdVec></MemPortIdVec>
<condition id="0">
<or_exp><and_exp><literal name="tmp_s" val="1"/>
</and_exp></or_exp>
</condition>

<node id="99" bw="19" op_0_bw="19" op_1_bw="16" op_2_bw="3">
<![CDATA[
_ifconv:87  %tmp_140_4 = call i19 @_ssdm_op_BitConcatenate.i19.i16.i3(i16 %tmp_295, i3 0)

]]></node>
<StgValue><ssdm name="tmp_140_4"/></StgValue>
</operation>

<operation id="90" st_id="3" stage="1" lat="1">
<core>NULL</core>
<MemPortIdVec></MemPortIdVec>
<condition id="0">
<or_exp><and_exp><literal name="tmp_s" val="1"/>
</and_exp></or_exp>
</condition>

<node id="100" bw="21" op_0_bw="19">
<![CDATA[
_ifconv:88  %tmp_140_4_cast = sext i19 %tmp_140_4 to i21

]]></node>
<StgValue><ssdm name="tmp_140_4_cast"/></StgValue>
</operation>

<operation id="91" st_id="3" stage="1" lat="1">
<core>Sel</core>
<MemPortIdVec></MemPortIdVec>
<condition id="0">
<or_exp><and_exp><literal name="tmp_s" val="1"/>
</and_exp></or_exp>
</condition>

<node id="101" bw="21" op_0_bw="1" op_1_bw="21" op_2_bw="21">
<![CDATA[
_ifconv:89  %tmp_1418_4_cast_cast = select i1 %tmp_422, i21 524032, i21 256

]]></node>
<StgValue><ssdm name="tmp_1418_4_cast_cast"/></StgValue>
</operation>

<operation id="92" st_id="3" stage="1" lat="1">
<core>AddSub</core>
<MemPortIdVec></MemPortIdVec>
<condition id="0">
<or_exp><and_exp><literal name="tmp_s" val="1"/>
</and_exp></or_exp>
</condition>

<node id="102" bw="21" op_0_bw="21" op_1_bw="21">
<![CDATA[
_ifconv:90  %p_Val2_116_4 = sub i21 %tmp_140_4_cast, %tmp_1418_4_cast_cast

]]></node>
<StgValue><ssdm name="p_Val2_116_4"/></StgValue>
</operation>

<operation id="93" st_id="3" stage="1" lat="1">
<core>NULL</core>
<MemPortIdVec></MemPortIdVec>
<condition id="0">
<or_exp><and_exp><literal name="tmp_s" val="1"/>
</and_exp></or_exp>
</condition>

<node id="103" bw="1" op_0_bw="1" op_1_bw="21" op_2_bw="32">
<![CDATA[
_ifconv:91  %tmp_427 = call i1 @_ssdm_op_BitSelect.i1.i21.i32(i21 %p_Val2_116_4, i32 18)

]]></node>
<StgValue><ssdm name="tmp_427"/></StgValue>
</operation>
</state>

<state id="4" st_id="4">

<operation id="94" st_id="4" stage="1" lat="1">
<core>NULL</core>
<MemPortIdVec></MemPortIdVec>
<condition id="0">
<or_exp><and_exp><literal name="tmp_s" val="1"/>
</and_exp></or_exp>
</condition>

<node id="49" bw="15" op_0_bw="13">
<![CDATA[
_ifconv:37  %p_Val2_111_2_cast2 = zext i13 %p_Val2_111_2 to i15

]]></node>
<StgValue><ssdm name="p_Val2_111_2_cast2"/></StgValue>
</operation>

<operation id="95" st_id="4" stage="1" lat="1">
<core>NULL</core>
<MemPortIdVec></MemPortIdVec>
<condition id="0">
<or_exp><and_exp><literal name="tmp_s" val="1"/>
</and_exp></or_exp>
</condition>

<node id="58" bw="15" op_0_bw="14">
<![CDATA[
_ifconv:46  %p_Val2_114_2_cast1 = sext i14 %p_Val2_114_2 to i15

]]></node>
<StgValue><ssdm name="p_Val2_114_2_cast1"/></StgValue>
</operation>

<operation id="96" st_id="4" stage="1" lat="1">
<core>NULL</core>
<MemPortIdVec></MemPortIdVec>
<condition id="226">
<or_exp><and_exp><literal name="tmp_s" val="1"/>
<literal name="tmp_416" val="0"/>
</and_exp></or_exp>
</condition>

<node id="66" bw="10" op_0_bw="10" op_1_bw="14" op_2_bw="32" op_3_bw="32">
<![CDATA[
_ifconv:54  %tmp_417 = call i10 @_ssdm_op_PartSelect.i10.i14.i32.i32(i14 %p_Val2_114_2, i32 4, i32 13)

]]></node>
<StgValue><ssdm name="tmp_417"/></StgValue>
</operation>

<operation id="97" st_id="4" stage="1" lat="1">
<core>NULL</core>
<MemPortIdVec></MemPortIdVec>
<condition id="224">
<or_exp><and_exp><literal name="tmp_s" val="1"/>
<literal name="tmp_416" val="1"/>
</and_exp></or_exp>
</condition>

<node id="67" bw="10" op_0_bw="10" op_1_bw="14" op_2_bw="32" op_3_bw="32">
<![CDATA[
_ifconv:55  %tmp_418 = call i10 @_ssdm_op_PartSelect.i10.i14.i32.i32(i14 %mf_3, i32 4, i32 13)

]]></node>
<StgValue><ssdm name="tmp_418"/></StgValue>
</operation>

<operation id="98" st_id="4" stage="1" lat="1">
<core>Sel</core>
<MemPortIdVec></MemPortIdVec>
<condition id="0">
<or_exp><and_exp><literal name="tmp_s" val="1"/>
</and_exp></or_exp>
</condition>

<node id="68" bw="10" op_0_bw="1" op_1_bw="10" op_2_bw="10">
<![CDATA[
_ifconv:56  %p_v = select i1 %tmp_416, i10 %tmp_418, i10 %tmp_417

]]></node>
<StgValue><ssdm name="p_v"/></StgValue>
</operation>

<operation id="99" st_id="4" stage="1" lat="1">
<core>NULL</core>
<MemPortIdVec></MemPortIdVec>
<condition id="0">
<or_exp><and_exp><literal name="tmp_s" val="1"/>
</and_exp></or_exp>
</condition>

<node id="69" bw="15" op_0_bw="10">
<![CDATA[
_ifconv:57  %tmp_1304_3_cast = sext i10 %p_v to i15

]]></node>
<StgValue><ssdm name="tmp_1304_3_cast"/></StgValue>
</operation>

<operation id="100" st_id="4" stage="1" lat="1">
<core>AddSub</core>
<MemPortIdVec></MemPortIdVec>
<condition id="0">
<or_exp><and_exp><literal name="tmp_s" val="1"/>
</and_exp></or_exp>
</condition>

<node id="70" bw="15" op_0_bw="15" op_1_bw="15">
<![CDATA[
_ifconv:58  %p_Val2_111_3 = add i15 %p_Val2_111_2_cast2, %tmp_1304_3_cast

]]></node>
<StgValue><ssdm name="p_Val2_111_3"/></StgValue>
</operation>

<operation id="101" st_id="4" stage="1" lat="1">
<core>NULL</core>
<MemPortIdVec></MemPortIdVec>
<condition id="232">
<or_exp><and_exp><literal name="tmp_s" val="1"/>
<literal name="tmp_416" val="0"/>
</and_exp></or_exp>
</condition>

<node id="73" bw="9" op_0_bw="9" op_1_bw="13" op_2_bw="32" op_3_bw="32">
<![CDATA[
_ifconv:61  %tmp_419 = call i9 @_ssdm_op_PartSelect.i9.i13.i32.i32(i13 %p_Val2_111_2, i32 4, i32 12)

]]></node>
<StgValue><ssdm name="tmp_419"/></StgValue>
</operation>

<operation id="102" st_id="4" stage="1" lat="1">
<core>NULL</core>
<MemPortIdVec></MemPortIdVec>
<condition id="231">
<or_exp><and_exp><literal name="tmp_s" val="1"/>
<literal name="tmp_416" val="0"/>
</and_exp></or_exp>
</condition>

<node id="74" bw="13" op_0_bw="9">
<![CDATA[
_ifconv:62  %tmp_283 = zext i9 %tmp_419 to i13

]]></node>
<StgValue><ssdm name="tmp_283"/></StgValue>
</operation>

<operation id="103" st_id="4" stage="1" lat="1">
<core>NULL</core>
<MemPortIdVec></MemPortIdVec>
<condition id="228">
<or_exp><and_exp><literal name="tmp_s" val="1"/>
<literal name="tmp_416" val="1"/>
</and_exp></or_exp>
</condition>

<node id="75" bw="10" op_0_bw="10" op_1_bw="14" op_2_bw="32" op_3_bw="32">
<![CDATA[
_ifconv:63  %tmp_420 = call i10 @_ssdm_op_PartSelect.i10.i14.i32.i32(i14 %mf15_3, i32 4, i32 13)

]]></node>
<StgValue><ssdm name="tmp_420"/></StgValue>
</operation>

<operation id="104" st_id="4" stage="1" lat="1">
<core>NULL</core>
<MemPortIdVec></MemPortIdVec>
<condition id="227">
<or_exp><and_exp><literal name="tmp_s" val="1"/>
<literal name="tmp_416" val="1"/>
</and_exp></or_exp>
</condition>

<node id="76" bw="13" op_0_bw="10">
<![CDATA[
_ifconv:64  %tmp_284 = sext i10 %tmp_420 to i13

]]></node>
<StgValue><ssdm name="tmp_284"/></StgValue>
</operation>

<operation id="105" st_id="4" stage="1" lat="1">
<core>Sel</core>
<MemPortIdVec></MemPortIdVec>
<condition id="0">
<or_exp><and_exp><literal name="tmp_s" val="1"/>
</and_exp></or_exp>
</condition>

<node id="77" bw="13" op_0_bw="1" op_1_bw="13" op_2_bw="13">
<![CDATA[
_ifconv:65  %tmp_421 = select i1 %tmp_416, i13 %tmp_284, i13 %tmp_283

]]></node>
<StgValue><ssdm name="tmp_421"/></StgValue>
</operation>

<operation id="106" st_id="4" stage="1" lat="1">
<core>NULL</core>
<MemPortIdVec></MemPortIdVec>
<condition id="0">
<or_exp><and_exp><literal name="tmp_s" val="1"/>
</and_exp></or_exp>
</condition>

<node id="78" bw="15" op_0_bw="13">
<![CDATA[
_ifconv:66  %tmp_1356_3_cast = sext i13 %tmp_421 to i15

]]></node>
<StgValue><ssdm name="tmp_1356_3_cast"/></StgValue>
</operation>

<operation id="107" st_id="4" stage="1" lat="1">
<core>AddSub</core>
<MemPortIdVec></MemPortIdVec>
<condition id="0">
<or_exp><and_exp><literal name="tmp_s" val="1"/>
</and_exp></or_exp>
</condition>

<node id="79" bw="15" op_0_bw="15" op_1_bw="15">
<![CDATA[
_ifconv:67  %p_Val2_114_3 = add i15 %p_Val2_114_2_cast1, %tmp_1356_3_cast

]]></node>
<StgValue><ssdm name="p_Val2_114_3"/></StgValue>
</operation>

<operation id="108" st_id="4" stage="1" lat="1">
<core>AddSub</core>
<MemPortIdVec></MemPortIdVec>
<condition id="234">
<or_exp><and_exp><literal name="tmp_s" val="1"/>
<literal name="tmp_422" val="1"/>
</and_exp></or_exp>
</condition>

<node id="86" bw="15" op_0_bw="15" op_1_bw="15">
<![CDATA[
_ifconv:74  %mf_4 = sub i15 0, %p_Val2_114_3

]]></node>
<StgValue><ssdm name="mf_4"/></StgValue>
</operation>

<operation id="109" st_id="4" stage="1" lat="1">
<core>NULL</core>
<MemPortIdVec></MemPortIdVec>
<condition id="235">
<or_exp><and_exp><literal name="tmp_s" val="1"/>
<literal name="tmp_422" val="0"/>
</and_exp></or_exp>
</condition>

<node id="87" bw="11" op_0_bw="11" op_1_bw="15" op_2_bw="32" op_3_bw="32">
<![CDATA[
_ifconv:75  %tmp_423 = call i11 @_ssdm_op_PartSelect.i11.i15.i32.i32(i15 %p_Val2_114_3, i32 4, i32 14)

]]></node>
<StgValue><ssdm name="tmp_423"/></StgValue>
</operation>

<operation id="110" st_id="4" stage="1" lat="1">
<core>NULL</core>
<MemPortIdVec></MemPortIdVec>
<condition id="233">
<or_exp><and_exp><literal name="tmp_s" val="1"/>
<literal name="tmp_422" val="1"/>
</and_exp></or_exp>
</condition>

<node id="88" bw="11" op_0_bw="11" op_1_bw="15" op_2_bw="32" op_3_bw="32">
<![CDATA[
_ifconv:76  %tmp_424 = call i11 @_ssdm_op_PartSelect.i11.i15.i32.i32(i15 %mf_4, i32 4, i32 14)

]]></node>
<StgValue><ssdm name="tmp_424"/></StgValue>
</operation>

<operation id="111" st_id="4" stage="1" lat="1">
<core>Sel</core>
<MemPortIdVec></MemPortIdVec>
<condition id="0">
<or_exp><and_exp><literal name="tmp_s" val="1"/>
</and_exp></or_exp>
</condition>

<node id="89" bw="11" op_0_bw="1" op_1_bw="11" op_2_bw="11">
<![CDATA[
_ifconv:77  %p_v9 = select i1 %tmp_422, i11 %tmp_424, i11 %tmp_423

]]></node>
<StgValue><ssdm name="p_v9"/></StgValue>
</operation>

<operation id="112" st_id="4" stage="1" lat="1">
<core>NULL</core>
<MemPortIdVec></MemPortIdVec>
<condition id="0">
<or_exp><and_exp><literal name="tmp_s" val="1"/>
</and_exp></or_exp>
</condition>

<node id="90" bw="15" op_0_bw="11">
<![CDATA[
_ifconv:78  %tmp_1304_4_cast = sext i11 %p_v9 to i15

]]></node>
<StgValue><ssdm name="tmp_1304_4_cast"/></StgValue>
</operation>

<operation id="113" st_id="4" stage="1" lat="1">
<core>AddSub</core>
<MemPortIdVec></MemPortIdVec>
<condition id="0">
<or_exp><and_exp><literal name="tmp_s" val="1"/>
</and_exp></or_exp>
</condition>

<node id="91" bw="15" op_0_bw="15" op_1_bw="15">
<![CDATA[
_ifconv:79  %p_Val2_111_4 = add i15 %p_Val2_111_3, %tmp_1304_4_cast

]]></node>
<StgValue><ssdm name="p_Val2_111_4"/></StgValue>
</operation>

<operation id="114" st_id="4" stage="1" lat="1">
<core>AddSub</core>
<MemPortIdVec></MemPortIdVec>
<condition id="237">
<or_exp><and_exp><literal name="tmp_s" val="1"/>
<literal name="tmp_422" val="1"/>
</and_exp></or_exp>
</condition>

<node id="92" bw="15" op_0_bw="15" op_1_bw="15">
<![CDATA[
_ifconv:80  %mf15_4 = sub i15 0, %p_Val2_111_3

]]></node>
<StgValue><ssdm name="mf15_4"/></StgValue>
</operation>

<operation id="115" st_id="4" stage="1" lat="1">
<core>NULL</core>
<MemPortIdVec></MemPortIdVec>
<condition id="238">
<or_exp><and_exp><literal name="tmp_s" val="1"/>
<literal name="tmp_422" val="0"/>
</and_exp></or_exp>
</condition>

<node id="93" bw="11" op_0_bw="11" op_1_bw="15" op_2_bw="32" op_3_bw="32">
<![CDATA[
_ifconv:81  %tmp_425 = call i11 @_ssdm_op_PartSelect.i11.i15.i32.i32(i15 %p_Val2_111_3, i32 4, i32 14)

]]></node>
<StgValue><ssdm name="tmp_425"/></StgValue>
</operation>

<operation id="116" st_id="4" stage="1" lat="1">
<core>NULL</core>
<MemPortIdVec></MemPortIdVec>
<condition id="236">
<or_exp><and_exp><literal name="tmp_s" val="1"/>
<literal name="tmp_422" val="1"/>
</and_exp></or_exp>
</condition>

<node id="94" bw="11" op_0_bw="11" op_1_bw="15" op_2_bw="32" op_3_bw="32">
<![CDATA[
_ifconv:82  %tmp_426 = call i11 @_ssdm_op_PartSelect.i11.i15.i32.i32(i15 %mf15_4, i32 4, i32 14)

]]></node>
<StgValue><ssdm name="tmp_426"/></StgValue>
</operation>

<operation id="117" st_id="4" stage="1" lat="1">
<core>Sel</core>
<MemPortIdVec></MemPortIdVec>
<condition id="0">
<or_exp><and_exp><literal name="tmp_s" val="1"/>
</and_exp></or_exp>
</condition>

<node id="95" bw="11" op_0_bw="1" op_1_bw="11" op_2_bw="11">
<![CDATA[
_ifconv:83  %p_v1 = select i1 %tmp_422, i11 %tmp_426, i11 %tmp_425

]]></node>
<StgValue><ssdm name="p_v1"/></StgValue>
</operation>

<operation id="118" st_id="4" stage="1" lat="1">
<core>NULL</core>
<MemPortIdVec></MemPortIdVec>
<condition id="0">
<or_exp><and_exp><literal name="tmp_s" val="1"/>
</and_exp></or_exp>
</condition>

<node id="96" bw="15" op_0_bw="11">
<![CDATA[
_ifconv:84  %tmp_1356_4_cast = sext i11 %p_v1 to i15

]]></node>
<StgValue><ssdm name="tmp_1356_4_cast"/></StgValue>
</operation>

<operation id="119" st_id="4" stage="1" lat="1">
<core>AddSub</core>
<MemPortIdVec></MemPortIdVec>
<condition id="0">
<or_exp><and_exp><literal name="tmp_s" val="1"/>
</and_exp></or_exp>
</condition>

<node id="97" bw="15" op_0_bw="15" op_1_bw="15">
<![CDATA[
_ifconv:85  %p_Val2_114_4 = add i15 %p_Val2_114_3, %tmp_1356_4_cast

]]></node>
<StgValue><ssdm name="p_Val2_114_4"/></StgValue>
</operation>

<operation id="120" st_id="4" stage="1" lat="1">
<core>AddSub</core>
<MemPortIdVec></MemPortIdVec>
<condition id="240">
<or_exp><and_exp><literal name="tmp_s" val="1"/>
<literal name="tmp_427" val="1"/>
</and_exp></or_exp>
</condition>

<node id="104" bw="15" op_0_bw="15" op_1_bw="15">
<![CDATA[
_ifconv:92  %mf_5 = sub i15 0, %p_Val2_114_4

]]></node>
<StgValue><ssdm name="mf_5"/></StgValue>
</operation>

<operation id="121" st_id="4" stage="1" lat="1">
<core>AddSub</core>
<MemPortIdVec></MemPortIdVec>
<condition id="243">
<or_exp><and_exp><literal name="tmp_s" val="1"/>
<literal name="tmp_427" val="1"/>
</and_exp></or_exp>
</condition>

<node id="110" bw="15" op_0_bw="15" op_1_bw="15">
<![CDATA[
_ifconv:98  %mf15_5 = sub i15 0, %p_Val2_111_4

]]></node>
<StgValue><ssdm name="mf15_5"/></StgValue>
</operation>

<operation id="122" st_id="4" stage="1" lat="1">
<core>NULL</core>
<MemPortIdVec></MemPortIdVec>
<condition id="0">
<or_exp><and_exp><literal name="tmp_s" val="1"/>
</and_exp></or_exp>
</condition>

<node id="116" bw="64" op_0_bw="7">
<![CDATA[
_ifconv:104  %tmp_23 = sext i7 %p_1 to i64

]]></node>
<StgValue><ssdm name="tmp_23"/></StgValue>
</operation>

<operation id="123" st_id="4" stage="1" lat="1">
<core>NULL</core>
<MemPortIdVec></MemPortIdVec>
<condition id="0">
<or_exp><and_exp><literal name="tmp_s" val="1"/>
</and_exp></or_exp>
</condition>

<node id="118" bw="3" op_0_bw="9" op_1_bw="64" op_2_bw="64">
<![CDATA[
_ifconv:106  %sinh_lut_V_addr = getelementptr [6 x i9]* @sinh_lut_V, i64 0, i64 %tmp_23

]]></node>
<StgValue><ssdm name="sinh_lut_V_addr"/></StgValue>
</operation>

<operation id="124" st_id="4" stage="2" lat="2">
<core>ROM_nP</core>
<MemPortIdVec></MemPortIdVec>
<condition id="0">
<or_exp><and_exp><literal name="tmp_s" val="1"/>
</and_exp></or_exp>
</condition>

<node id="119" bw="9" op_0_bw="3">
<![CDATA[
_ifconv:107  %sinh_lut_V_load = load i9* %sinh_lut_V_addr, align 2

]]></node>
<StgValue><ssdm name="sinh_lut_V_load"/></StgValue>
</operation>

<operation id="125" st_id="4" stage="1" lat="1">
<core>NULL</core>
<MemPortIdVec></MemPortIdVec>
<condition id="0">
<or_exp><and_exp><literal name="tmp_s" val="1"/>
</and_exp></or_exp>
</condition>

<node id="128" bw="3" op_0_bw="9" op_1_bw="64" op_2_bw="64">
<![CDATA[
_ifconv:116  %cosh_lut_V_addr = getelementptr [6 x i9]* @cosh_lut_V, i64 0, i64 %tmp_23

]]></node>
<StgValue><ssdm name="cosh_lut_V_addr"/></StgValue>
</operation>

<operation id="126" st_id="4" stage="2" lat="2">
<core>ROM_nP</core>
<MemPortIdVec></MemPortIdVec>
<condition id="0">
<or_exp><and_exp><literal name="tmp_s" val="1"/>
</and_exp></or_exp>
</condition>

<node id="129" bw="9" op_0_bw="3">
<![CDATA[
_ifconv:117  %cosh_lut_V_load = load i9* %cosh_lut_V_addr, align 2

]]></node>
<StgValue><ssdm name="cosh_lut_V_load"/></StgValue>
</operation>
</state>

<state id="5" st_id="5">

<operation id="127" st_id="5" stage="1" lat="1">
<core>NULL</core>
<MemPortIdVec></MemPortIdVec>
<condition id="241">
<or_exp><and_exp><literal name="tmp_s" val="1"/>
<literal name="tmp_427" val="0"/>
</and_exp></or_exp>
</condition>

<node id="105" bw="10" op_0_bw="10" op_1_bw="15" op_2_bw="32" op_3_bw="32">
<![CDATA[
_ifconv:93  %tmp_428 = call i10 @_ssdm_op_PartSelect.i10.i15.i32.i32(i15 %p_Val2_114_4, i32 5, i32 14)

]]></node>
<StgValue><ssdm name="tmp_428"/></StgValue>
</operation>

<operation id="128" st_id="5" stage="1" lat="1">
<core>NULL</core>
<MemPortIdVec></MemPortIdVec>
<condition id="239">
<or_exp><and_exp><literal name="tmp_s" val="1"/>
<literal name="tmp_427" val="1"/>
</and_exp></or_exp>
</condition>

<node id="106" bw="10" op_0_bw="10" op_1_bw="15" op_2_bw="32" op_3_bw="32">
<![CDATA[
_ifconv:94  %tmp_429 = call i10 @_ssdm_op_PartSelect.i10.i15.i32.i32(i15 %mf_5, i32 5, i32 14)

]]></node>
<StgValue><ssdm name="tmp_429"/></StgValue>
</operation>

<operation id="129" st_id="5" stage="1" lat="1">
<core>Sel</core>
<MemPortIdVec></MemPortIdVec>
<condition id="0">
<or_exp><and_exp><literal name="tmp_s" val="1"/>
</and_exp></or_exp>
</condition>

<node id="107" bw="10" op_0_bw="1" op_1_bw="10" op_2_bw="10">
<![CDATA[
_ifconv:95  %p_v2 = select i1 %tmp_427, i10 %tmp_429, i10 %tmp_428

]]></node>
<StgValue><ssdm name="p_v2"/></StgValue>
</operation>

<operation id="130" st_id="5" stage="1" lat="1">
<core>NULL</core>
<MemPortIdVec></MemPortIdVec>
<condition id="0">
<or_exp><and_exp><literal name="tmp_s" val="1"/>
</and_exp></or_exp>
</condition>

<node id="108" bw="15" op_0_bw="10">
<![CDATA[
_ifconv:96  %tmp_1304_5_cast = sext i10 %p_v2 to i15

]]></node>
<StgValue><ssdm name="tmp_1304_5_cast"/></StgValue>
</operation>

<operation id="131" st_id="5" stage="1" lat="1">
<core>AddSub</core>
<MemPortIdVec></MemPortIdVec>
<condition id="0">
<or_exp><and_exp><literal name="tmp_s" val="1"/>
</and_exp></or_exp>
</condition>

<node id="109" bw="15" op_0_bw="15" op_1_bw="15">
<![CDATA[
_ifconv:97  %p_Val2_111_5 = add i15 %p_Val2_111_4, %tmp_1304_5_cast

]]></node>
<StgValue><ssdm name="p_Val2_111_5"/></StgValue>
</operation>

<operation id="132" st_id="5" stage="1" lat="1">
<core>NULL</core>
<MemPortIdVec></MemPortIdVec>
<condition id="244">
<or_exp><and_exp><literal name="tmp_s" val="1"/>
<literal name="tmp_427" val="0"/>
</and_exp></or_exp>
</condition>

<node id="111" bw="10" op_0_bw="10" op_1_bw="15" op_2_bw="32" op_3_bw="32">
<![CDATA[
_ifconv:99  %tmp_430 = call i10 @_ssdm_op_PartSelect.i10.i15.i32.i32(i15 %p_Val2_111_4, i32 5, i32 14)

]]></node>
<StgValue><ssdm name="tmp_430"/></StgValue>
</operation>

<operation id="133" st_id="5" stage="1" lat="1">
<core>NULL</core>
<MemPortIdVec></MemPortIdVec>
<condition id="242">
<or_exp><and_exp><literal name="tmp_s" val="1"/>
<literal name="tmp_427" val="1"/>
</and_exp></or_exp>
</condition>

<node id="112" bw="10" op_0_bw="10" op_1_bw="15" op_2_bw="32" op_3_bw="32">
<![CDATA[
_ifconv:100  %tmp_431 = call i10 @_ssdm_op_PartSelect.i10.i15.i32.i32(i15 %mf15_5, i32 5, i32 14)

]]></node>
<StgValue><ssdm name="tmp_431"/></StgValue>
</operation>

<operation id="134" st_id="5" stage="1" lat="1">
<core>Sel</core>
<MemPortIdVec></MemPortIdVec>
<condition id="0">
<or_exp><and_exp><literal name="tmp_s" val="1"/>
</and_exp></or_exp>
</condition>

<node id="113" bw="10" op_0_bw="1" op_1_bw="10" op_2_bw="10">
<![CDATA[
_ifconv:101  %p_v3 = select i1 %tmp_427, i10 %tmp_431, i10 %tmp_430

]]></node>
<StgValue><ssdm name="p_v3"/></StgValue>
</operation>

<operation id="135" st_id="5" stage="1" lat="1">
<core>NULL</core>
<MemPortIdVec></MemPortIdVec>
<condition id="0">
<or_exp><and_exp><literal name="tmp_s" val="1"/>
</and_exp></or_exp>
</condition>

<node id="114" bw="15" op_0_bw="10">
<![CDATA[
_ifconv:102  %tmp_1356_5_cast = sext i10 %p_v3 to i15

]]></node>
<StgValue><ssdm name="tmp_1356_5_cast"/></StgValue>
</operation>

<operation id="136" st_id="5" stage="1" lat="1">
<core>AddSub</core>
<MemPortIdVec></MemPortIdVec>
<condition id="0">
<or_exp><and_exp><literal name="tmp_s" val="1"/>
</and_exp></or_exp>
</condition>

<node id="115" bw="15" op_0_bw="15" op_1_bw="15">
<![CDATA[
_ifconv:103  %p_Val2_114_5 = add i15 %p_Val2_114_4, %tmp_1356_5_cast

]]></node>
<StgValue><ssdm name="p_Val2_114_5"/></StgValue>
</operation>

<operation id="137" st_id="5" stage="1" lat="1">
<core>NULL</core>
<MemPortIdVec></MemPortIdVec>
<condition id="0">
<or_exp><and_exp><literal name="tmp_s" val="1"/>
</and_exp></or_exp>
</condition>

<node id="117" bw="10" op_0_bw="10" op_1_bw="15" op_2_bw="32" op_3_bw="32">
<![CDATA[
_ifconv:105  %tmp_25 = call i10 @_ssdm_op_PartSelect.i10.i15.i32.i32(i15 %p_Val2_111_5, i32 4, i32 13)

]]></node>
<StgValue><ssdm name="tmp_25"/></StgValue>
</operation>

<operation id="138" st_id="5" stage="1" lat="2">
<core>ROM_nP</core>
<MemPortIdVec></MemPortIdVec>
<condition id="0">
<or_exp><and_exp><literal name="tmp_s" val="1"/>
</and_exp></or_exp>
</condition>

<node id="119" bw="9" op_0_bw="3">
<![CDATA[
_ifconv:107  %sinh_lut_V_load = load i9* %sinh_lut_V_addr, align 2

]]></node>
<StgValue><ssdm name="sinh_lut_V_load"/></StgValue>
</operation>

<operation id="139" st_id="5" stage="1" lat="1">
<core>NULL</core>
<MemPortIdVec></MemPortIdVec>
<condition id="0">
<or_exp><and_exp><literal name="tmp_s" val="1"/>
</and_exp></or_exp>
</condition>

<node id="120" bw="19" op_0_bw="9">
<![CDATA[
_ifconv:108  %OP1_V_cast = zext i9 %sinh_lut_V_load to i19

]]></node>
<StgValue><ssdm name="OP1_V_cast"/></StgValue>
</operation>

<operation id="140" st_id="5" stage="1" lat="1">
<core>NULL</core>
<MemPortIdVec></MemPortIdVec>
<condition id="0">
<or_exp><and_exp><literal name="tmp_s" val="1"/>
</and_exp></or_exp>
</condition>

<node id="121" bw="19" op_0_bw="10">
<![CDATA[
_ifconv:109  %OP2_V_cast = sext i10 %tmp_25 to i19

]]></node>
<StgValue><ssdm name="OP2_V_cast"/></StgValue>
</operation>

<operation id="141" st_id="5" stage="1" lat="1">
<core>Mul_LUT</core>
<MemPortIdVec></MemPortIdVec>
<condition id="0">
<or_exp><and_exp><literal name="tmp_s" val="1"/>
</and_exp></or_exp>
</condition>

<node id="122" bw="19" op_0_bw="19" op_1_bw="19">
<![CDATA[
_ifconv:110  %p_Val2_3 = mul i19 %OP2_V_cast, %OP1_V_cast

]]></node>
<StgValue><ssdm name="p_Val2_3"/></StgValue>
</operation>

<operation id="142" st_id="5" stage="1" lat="1">
<core>NULL</core>
<MemPortIdVec></MemPortIdVec>
<condition id="0">
<or_exp><and_exp><literal name="tmp_s" val="1"/>
</and_exp></or_exp>
</condition>

<node id="123" bw="16" op_0_bw="16" op_1_bw="19" op_2_bw="32" op_3_bw="32">
<![CDATA[
_ifconv:111  %sincos_V = call i16 @_ssdm_op_PartSelect.i16.i19.i32.i32(i19 %p_Val2_3, i32 2, i32 17)

]]></node>
<StgValue><ssdm name="sincos_V"/></StgValue>
</operation>

<operation id="143" st_id="5" stage="1" lat="1">
<core>NULL</core>
<MemPortIdVec></MemPortIdVec>
<condition id="0">
<or_exp><and_exp><literal name="tmp_s" val="1"/>
</and_exp></or_exp>
</condition>

<node id="124" bw="10" op_0_bw="10" op_1_bw="15" op_2_bw="32" op_3_bw="32">
<![CDATA[
_ifconv:112  %tmp_28 = call i10 @_ssdm_op_PartSelect.i10.i15.i32.i32(i15 %p_Val2_114_5, i32 4, i32 13)

]]></node>
<StgValue><ssdm name="tmp_28"/></StgValue>
</operation>

<operation id="144" st_id="5" stage="1" lat="1">
<core>NULL</core>
<MemPortIdVec></MemPortIdVec>
<condition id="0">
<or_exp><and_exp><literal name="tmp_s" val="1"/>
</and_exp></or_exp>
</condition>

<node id="125" bw="19" op_0_bw="10">
<![CDATA[
_ifconv:113  %OP2_V_1_cast = sext i10 %tmp_28 to i19

]]></node>
<StgValue><ssdm name="OP2_V_1_cast"/></StgValue>
</operation>

<operation id="145" st_id="5" stage="1" lat="1">
<core>Mul_LUT</core>
<MemPortIdVec></MemPortIdVec>
<condition id="0">
<or_exp><and_exp><literal name="tmp_s" val="1"/>
</and_exp></or_exp>
</condition>

<node id="126" bw="19" op_0_bw="19" op_1_bw="19">
<![CDATA[
_ifconv:114  %p_Val2_4 = mul i19 %OP2_V_1_cast, %OP1_V_cast

]]></node>
<StgValue><ssdm name="p_Val2_4"/></StgValue>
</operation>

<operation id="146" st_id="5" stage="1" lat="1">
<core>NULL</core>
<MemPortIdVec></MemPortIdVec>
<condition id="0">
<or_exp><and_exp><literal name="tmp_s" val="1"/>
</and_exp></or_exp>
</condition>

<node id="127" bw="16" op_0_bw="16" op_1_bw="19" op_2_bw="32" op_3_bw="32">
<![CDATA[
_ifconv:115  %sinsin_V = call i16 @_ssdm_op_PartSelect.i16.i19.i32.i32(i19 %p_Val2_4, i32 2, i32 17)

]]></node>
<StgValue><ssdm name="sinsin_V"/></StgValue>
</operation>

<operation id="147" st_id="5" stage="1" lat="2">
<core>ROM_nP</core>
<MemPortIdVec></MemPortIdVec>
<condition id="0">
<or_exp><and_exp><literal name="tmp_s" val="1"/>
</and_exp></or_exp>
</condition>

<node id="129" bw="9" op_0_bw="3">
<![CDATA[
_ifconv:117  %cosh_lut_V_load = load i9* %cosh_lut_V_addr, align 2

]]></node>
<StgValue><ssdm name="cosh_lut_V_load"/></StgValue>
</operation>

<operation id="148" st_id="5" stage="1" lat="1">
<core>NULL</core>
<MemPortIdVec></MemPortIdVec>
<condition id="0">
<or_exp><and_exp><literal name="tmp_s" val="1"/>
</and_exp></or_exp>
</condition>

<node id="130" bw="19" op_0_bw="9">
<![CDATA[
_ifconv:118  %OP1_V_1_cast = zext i9 %cosh_lut_V_load to i19

]]></node>
<StgValue><ssdm name="OP1_V_1_cast"/></StgValue>
</operation>

<operation id="149" st_id="5" stage="1" lat="1">
<core>Mul_LUT</core>
<MemPortIdVec></MemPortIdVec>
<condition id="0">
<or_exp><and_exp><literal name="tmp_s" val="1"/>
</and_exp></or_exp>
</condition>

<node id="131" bw="19" op_0_bw="19" op_1_bw="19">
<![CDATA[
_ifconv:119  %p_Val2_5 = mul i19 %OP2_V_1_cast, %OP1_V_1_cast

]]></node>
<StgValue><ssdm name="p_Val2_5"/></StgValue>
</operation>

<operation id="150" st_id="5" stage="1" lat="1">
<core>NULL</core>
<MemPortIdVec></MemPortIdVec>
<condition id="0">
<or_exp><and_exp><literal name="tmp_s" val="1"/>
</and_exp></or_exp>
</condition>

<node id="132" bw="16" op_0_bw="16" op_1_bw="19" op_2_bw="32" op_3_bw="32">
<![CDATA[
_ifconv:120  %cossin_V = call i16 @_ssdm_op_PartSelect.i16.i19.i32.i32(i19 %p_Val2_5, i32 2, i32 17)

]]></node>
<StgValue><ssdm name="cossin_V"/></StgValue>
</operation>

<operation id="151" st_id="5" stage="1" lat="1">
<core>Mul_LUT</core>
<MemPortIdVec></MemPortIdVec>
<condition id="0">
<or_exp><and_exp><literal name="tmp_s" val="1"/>
</and_exp></or_exp>
</condition>

<node id="133" bw="19" op_0_bw="19" op_1_bw="19">
<![CDATA[
_ifconv:121  %p_Val2_6 = mul i19 %OP2_V_cast, %OP1_V_1_cast

]]></node>
<StgValue><ssdm name="p_Val2_6"/></StgValue>
</operation>

<operation id="152" st_id="5" stage="1" lat="1">
<core>NULL</core>
<MemPortIdVec></MemPortIdVec>
<condition id="0">
<or_exp><and_exp><literal name="tmp_s" val="1"/>
</and_exp></or_exp>
</condition>

<node id="134" bw="16" op_0_bw="16" op_1_bw="19" op_2_bw="32" op_3_bw="32">
<![CDATA[
_ifconv:122  %coscos_V = call i16 @_ssdm_op_PartSelect.i16.i19.i32.i32(i19 %p_Val2_6, i32 2, i32 17)

]]></node>
<StgValue><ssdm name="coscos_V"/></StgValue>
</operation>

<operation id="153" st_id="5" stage="1" lat="1">
<core>NULL</core>
<MemPortIdVec></MemPortIdVec>
<condition id="0">
<or_exp><and_exp><literal name="tmp_s" val="1"/>
</and_exp></or_exp>
</condition>

<node id="135" bw="0" op_0_bw="0" op_1_bw="19" op_2_bw="0" op_3_bw="0" op_4_bw="0" op_5_bw="0" op_6_bw="32" op_7_bw="0" op_8_bw="0" op_9_bw="0" op_10_bw="0" op_11_bw="0">
<![CDATA[
_ifconv:123  call void (...)* @_ssdm_op_SpecFUCore(i19 %p_Val2_6, [31 x i8]* @p_str12, [1 x i8]* @p_str, [8 x i8]* @p_str13, [1 x i8]* @p_str, i32 -1, [1 x i8]* @p_str, [1 x i8]* @p_str, [1 x i8]* @p_str, [1 x i8]* @p_str, [1 x i8]* @p_str)

]]></node>
<StgValue><ssdm name=""/></StgValue>
</operation>

<operation id="154" st_id="5" stage="1" lat="1">
<core>NULL</core>
<MemPortIdVec></MemPortIdVec>
<condition id="0">
<or_exp><and_exp><literal name="tmp_s" val="1"/>
</and_exp></or_exp>
</condition>

<node id="136" bw="0" op_0_bw="0" op_1_bw="19" op_2_bw="0" op_3_bw="0" op_4_bw="0" op_5_bw="0" op_6_bw="32" op_7_bw="0" op_8_bw="0" op_9_bw="0" op_10_bw="0" op_11_bw="0">
<![CDATA[
_ifconv:124  call void (...)* @_ssdm_op_SpecFUCore(i19 %p_Val2_5, [31 x i8]* @p_str10, [1 x i8]* @p_str, [8 x i8]* @p_str13, [1 x i8]* @p_str, i32 -1, [1 x i8]* @p_str, [1 x i8]* @p_str, [1 x i8]* @p_str, [1 x i8]* @p_str, [1 x i8]* @p_str)

]]></node>
<StgValue><ssdm name=""/></StgValue>
</operation>

<operation id="155" st_id="5" stage="1" lat="1">
<core>NULL</core>
<MemPortIdVec></MemPortIdVec>
<condition id="0">
<or_exp><and_exp><literal name="tmp_s" val="1"/>
</and_exp></or_exp>
</condition>

<node id="137" bw="0" op_0_bw="0" op_1_bw="19" op_2_bw="0" op_3_bw="0" op_4_bw="0" op_5_bw="0" op_6_bw="32" op_7_bw="0" op_8_bw="0" op_9_bw="0" op_10_bw="0" op_11_bw="0">
<![CDATA[
_ifconv:125  call void (...)* @_ssdm_op_SpecFUCore(i19 %p_Val2_4, [31 x i8]* @p_str8, [1 x i8]* @p_str, [8 x i8]* @p_str13, [1 x i8]* @p_str, i32 -1, [1 x i8]* @p_str, [1 x i8]* @p_str, [1 x i8]* @p_str, [1 x i8]* @p_str, [1 x i8]* @p_str)

]]></node>
<StgValue><ssdm name=""/></StgValue>
</operation>

<operation id="156" st_id="5" stage="1" lat="1">
<core>NULL</core>
<MemPortIdVec></MemPortIdVec>
<condition id="0">
<or_exp><and_exp><literal name="tmp_s" val="1"/>
</and_exp></or_exp>
</condition>

<node id="138" bw="0" op_0_bw="0" op_1_bw="19" op_2_bw="0" op_3_bw="0" op_4_bw="0" op_5_bw="0" op_6_bw="32" op_7_bw="0" op_8_bw="0" op_9_bw="0" op_10_bw="0" op_11_bw="0">
<![CDATA[
_ifconv:126  call void (...)* @_ssdm_op_SpecFUCore(i19 %p_Val2_3, [31 x i8]* @p_str6, [1 x i8]* @p_str, [8 x i8]* @p_str13, [1 x i8]* @p_str, i32 -1, [1 x i8]* @p_str, [1 x i8]* @p_str, [1 x i8]* @p_str, [1 x i8]* @p_str, [1 x i8]* @p_str)

]]></node>
<StgValue><ssdm name=""/></StgValue>
</operation>
</state>

<state id="6" st_id="6">

<operation id="157" st_id="6" stage="1" lat="1">
<core>AddSub</core>
<MemPortIdVec></MemPortIdVec>
<condition id="0">
<or_exp><and_exp><literal name="tmp_s" val="1"/>
</and_exp></or_exp>
</condition>

<node id="139" bw="16" op_0_bw="16" op_1_bw="16">
<![CDATA[
_ifconv:127  %tmp_304 = add i16 %sincos_V, %cossin_V

]]></node>
<StgValue><ssdm name="tmp_304"/></StgValue>
</operation>

<operation id="158" st_id="6" stage="1" lat="1">
<core>AddSub</core>
<MemPortIdVec></MemPortIdVec>
<condition id="0">
<or_exp><and_exp><literal name="tmp_s" val="1"/>
</and_exp></or_exp>
</condition>

<node id="140" bw="16" op_0_bw="16" op_1_bw="16">
<![CDATA[
_ifconv:128  %tmp_305 = add i16 %sinsin_V, %coscos_V

]]></node>
<StgValue><ssdm name="tmp_305"/></StgValue>
</operation>

<operation id="159" st_id="6" stage="1" lat="1">
<core>NULL</core>
<MemPortIdVec></MemPortIdVec>
<condition id="0">
<or_exp><and_exp><literal name="tmp_s" val="1"/>
</and_exp></or_exp>
</condition>

<node id="141" bw="8" op_0_bw="8" op_1_bw="16" op_2_bw="32" op_3_bw="32">
<![CDATA[
_ifconv:129  %cosh_out_V = call i8 @_ssdm_op_PartSelect.i8.i16.i32.i32(i16 %tmp_305, i32 7, i32 14)

]]></node>
<StgValue><ssdm name="cosh_out_V"/></StgValue>
</operation>

<operation id="160" st_id="6" stage="1" lat="1">
<core>NULL</core>
<MemPortIdVec></MemPortIdVec>
<condition id="0">
<or_exp><and_exp><literal name="tmp_s" val="1"/>
</and_exp></or_exp>
</condition>

<node id="142" bw="8" op_0_bw="8" op_1_bw="16" op_2_bw="32" op_3_bw="32">
<![CDATA[
_ifconv:130  %tmp_306 = call i8 @_ssdm_op_PartSelect.i8.i16.i32.i32(i16 %tmp_304, i32 7, i32 14)

]]></node>
<StgValue><ssdm name="tmp_306"/></StgValue>
</operation>

<operation id="161" st_id="6" stage="1" lat="1">
<core>NULL</core>
<MemPortIdVec></MemPortIdVec>
<condition id="0">
<or_exp><and_exp><literal name="tmp_s" val="1"/>
</and_exp></or_exp>
</condition>

<node id="143" bw="13" op_0_bw="13" op_1_bw="8" op_2_bw="5">
<![CDATA[
_ifconv:131  %tmp_39 = call i13 @_ssdm_op_BitConcatenate.i13.i8.i5(i8 %tmp_306, i5 0)

]]></node>
<StgValue><ssdm name="tmp_39"/></StgValue>
</operation>

<operation id="162" st_id="6" stage="1" lat="1">
<core>NULL</core>
<MemPortIdVec></MemPortIdVec>
<condition id="0">
<or_exp><and_exp><literal name="tmp_s" val="1"/>
</and_exp></or_exp>
</condition>

<node id="144" bw="13" op_0_bw="8">
<![CDATA[
_ifconv:132  %tmp_122_tr_cast = sext i8 %cosh_out_V to i13

]]></node>
<StgValue><ssdm name="tmp_122_tr_cast"/></StgValue>
</operation>

<operation id="163" st_id="6" stage="17" lat="17">
<core>DivnS</core>
<MemPortIdVec></MemPortIdVec>
<condition id="0">
<or_exp><and_exp><literal name="tmp_s" val="1"/>
</and_exp></or_exp>
</condition>

<node id="145" bw="13" op_0_bw="13" op_1_bw="13">
<![CDATA[
_ifconv:133  %tmp_386 = sdiv i13 %tmp_39, %tmp_122_tr_cast

]]></node>
<StgValue><ssdm name="tmp_386"/></StgValue>
</operation>
</state>

<state id="7" st_id="7">

<operation id="164" st_id="7" stage="16" lat="17">
<core>DivnS</core>
<MemPortIdVec></MemPortIdVec>
<condition id="0">
<or_exp><and_exp><literal name="tmp_s" val="1"/>
</and_exp></or_exp>
</condition>

<node id="145" bw="13" op_0_bw="13" op_1_bw="13">
<![CDATA[
_ifconv:133  %tmp_386 = sdiv i13 %tmp_39, %tmp_122_tr_cast

]]></node>
<StgValue><ssdm name="tmp_386"/></StgValue>
</operation>
</state>

<state id="8" st_id="8">

<operation id="165" st_id="8" stage="15" lat="17">
<core>DivnS</core>
<MemPortIdVec></MemPortIdVec>
<condition id="0">
<or_exp><and_exp><literal name="tmp_s" val="1"/>
</and_exp></or_exp>
</condition>

<node id="145" bw="13" op_0_bw="13" op_1_bw="13">
<![CDATA[
_ifconv:133  %tmp_386 = sdiv i13 %tmp_39, %tmp_122_tr_cast

]]></node>
<StgValue><ssdm name="tmp_386"/></StgValue>
</operation>
</state>

<state id="9" st_id="9">

<operation id="166" st_id="9" stage="14" lat="17">
<core>DivnS</core>
<MemPortIdVec></MemPortIdVec>
<condition id="0">
<or_exp><and_exp><literal name="tmp_s" val="1"/>
</and_exp></or_exp>
</condition>

<node id="145" bw="13" op_0_bw="13" op_1_bw="13">
<![CDATA[
_ifconv:133  %tmp_386 = sdiv i13 %tmp_39, %tmp_122_tr_cast

]]></node>
<StgValue><ssdm name="tmp_386"/></StgValue>
</operation>
</state>

<state id="10" st_id="10">

<operation id="167" st_id="10" stage="13" lat="17">
<core>DivnS</core>
<MemPortIdVec></MemPortIdVec>
<condition id="0">
<or_exp><and_exp><literal name="tmp_s" val="1"/>
</and_exp></or_exp>
</condition>

<node id="145" bw="13" op_0_bw="13" op_1_bw="13">
<![CDATA[
_ifconv:133  %tmp_386 = sdiv i13 %tmp_39, %tmp_122_tr_cast

]]></node>
<StgValue><ssdm name="tmp_386"/></StgValue>
</operation>
</state>

<state id="11" st_id="11">

<operation id="168" st_id="11" stage="12" lat="17">
<core>DivnS</core>
<MemPortIdVec></MemPortIdVec>
<condition id="0">
<or_exp><and_exp><literal name="tmp_s" val="1"/>
</and_exp></or_exp>
</condition>

<node id="145" bw="13" op_0_bw="13" op_1_bw="13">
<![CDATA[
_ifconv:133  %tmp_386 = sdiv i13 %tmp_39, %tmp_122_tr_cast

]]></node>
<StgValue><ssdm name="tmp_386"/></StgValue>
</operation>
</state>

<state id="12" st_id="12">

<operation id="169" st_id="12" stage="11" lat="17">
<core>DivnS</core>
<MemPortIdVec></MemPortIdVec>
<condition id="0">
<or_exp><and_exp><literal name="tmp_s" val="1"/>
</and_exp></or_exp>
</condition>

<node id="145" bw="13" op_0_bw="13" op_1_bw="13">
<![CDATA[
_ifconv:133  %tmp_386 = sdiv i13 %tmp_39, %tmp_122_tr_cast

]]></node>
<StgValue><ssdm name="tmp_386"/></StgValue>
</operation>
</state>

<state id="13" st_id="13">

<operation id="170" st_id="13" stage="10" lat="17">
<core>DivnS</core>
<MemPortIdVec></MemPortIdVec>
<condition id="0">
<or_exp><and_exp><literal name="tmp_s" val="1"/>
</and_exp></or_exp>
</condition>

<node id="145" bw="13" op_0_bw="13" op_1_bw="13">
<![CDATA[
_ifconv:133  %tmp_386 = sdiv i13 %tmp_39, %tmp_122_tr_cast

]]></node>
<StgValue><ssdm name="tmp_386"/></StgValue>
</operation>
</state>

<state id="14" st_id="14">

<operation id="171" st_id="14" stage="9" lat="17">
<core>DivnS</core>
<MemPortIdVec></MemPortIdVec>
<condition id="0">
<or_exp><and_exp><literal name="tmp_s" val="1"/>
</and_exp></or_exp>
</condition>

<node id="145" bw="13" op_0_bw="13" op_1_bw="13">
<![CDATA[
_ifconv:133  %tmp_386 = sdiv i13 %tmp_39, %tmp_122_tr_cast

]]></node>
<StgValue><ssdm name="tmp_386"/></StgValue>
</operation>
</state>

<state id="15" st_id="15">

<operation id="172" st_id="15" stage="8" lat="17">
<core>DivnS</core>
<MemPortIdVec></MemPortIdVec>
<condition id="0">
<or_exp><and_exp><literal name="tmp_s" val="1"/>
</and_exp></or_exp>
</condition>

<node id="145" bw="13" op_0_bw="13" op_1_bw="13">
<![CDATA[
_ifconv:133  %tmp_386 = sdiv i13 %tmp_39, %tmp_122_tr_cast

]]></node>
<StgValue><ssdm name="tmp_386"/></StgValue>
</operation>
</state>

<state id="16" st_id="16">

<operation id="173" st_id="16" stage="7" lat="17">
<core>DivnS</core>
<MemPortIdVec></MemPortIdVec>
<condition id="0">
<or_exp><and_exp><literal name="tmp_s" val="1"/>
</and_exp></or_exp>
</condition>

<node id="145" bw="13" op_0_bw="13" op_1_bw="13">
<![CDATA[
_ifconv:133  %tmp_386 = sdiv i13 %tmp_39, %tmp_122_tr_cast

]]></node>
<StgValue><ssdm name="tmp_386"/></StgValue>
</operation>
</state>

<state id="17" st_id="17">

<operation id="174" st_id="17" stage="6" lat="17">
<core>DivnS</core>
<MemPortIdVec></MemPortIdVec>
<condition id="0">
<or_exp><and_exp><literal name="tmp_s" val="1"/>
</and_exp></or_exp>
</condition>

<node id="145" bw="13" op_0_bw="13" op_1_bw="13">
<![CDATA[
_ifconv:133  %tmp_386 = sdiv i13 %tmp_39, %tmp_122_tr_cast

]]></node>
<StgValue><ssdm name="tmp_386"/></StgValue>
</operation>
</state>

<state id="18" st_id="18">

<operation id="175" st_id="18" stage="5" lat="17">
<core>DivnS</core>
<MemPortIdVec></MemPortIdVec>
<condition id="0">
<or_exp><and_exp><literal name="tmp_s" val="1"/>
</and_exp></or_exp>
</condition>

<node id="145" bw="13" op_0_bw="13" op_1_bw="13">
<![CDATA[
_ifconv:133  %tmp_386 = sdiv i13 %tmp_39, %tmp_122_tr_cast

]]></node>
<StgValue><ssdm name="tmp_386"/></StgValue>
</operation>
</state>

<state id="19" st_id="19">

<operation id="176" st_id="19" stage="4" lat="17">
<core>DivnS</core>
<MemPortIdVec></MemPortIdVec>
<condition id="0">
<or_exp><and_exp><literal name="tmp_s" val="1"/>
</and_exp></or_exp>
</condition>

<node id="145" bw="13" op_0_bw="13" op_1_bw="13">
<![CDATA[
_ifconv:133  %tmp_386 = sdiv i13 %tmp_39, %tmp_122_tr_cast

]]></node>
<StgValue><ssdm name="tmp_386"/></StgValue>
</operation>
</state>

<state id="20" st_id="20">

<operation id="177" st_id="20" stage="3" lat="17">
<core>DivnS</core>
<MemPortIdVec></MemPortIdVec>
<condition id="0">
<or_exp><and_exp><literal name="tmp_s" val="1"/>
</and_exp></or_exp>
</condition>

<node id="145" bw="13" op_0_bw="13" op_1_bw="13">
<![CDATA[
_ifconv:133  %tmp_386 = sdiv i13 %tmp_39, %tmp_122_tr_cast

]]></node>
<StgValue><ssdm name="tmp_386"/></StgValue>
</operation>
</state>

<state id="21" st_id="21">

<operation id="178" st_id="21" stage="2" lat="17">
<core>DivnS</core>
<MemPortIdVec></MemPortIdVec>
<condition id="0">
<or_exp><and_exp><literal name="tmp_s" val="1"/>
</and_exp></or_exp>
</condition>

<node id="145" bw="13" op_0_bw="13" op_1_bw="13">
<![CDATA[
_ifconv:133  %tmp_386 = sdiv i13 %tmp_39, %tmp_122_tr_cast

]]></node>
<StgValue><ssdm name="tmp_386"/></StgValue>
</operation>
</state>

<state id="22" st_id="22">

<operation id="179" st_id="22" stage="1" lat="1">
<core>NULL</core>
<MemPortIdVec></MemPortIdVec>
<condition id="-1">
<or_exp><and_exp></and_exp></or_exp>
</condition>

<node id="4" bw="0" op_0_bw="0" op_1_bw="32" op_2_bw="32" op_3_bw="32" op_4_bw="32" op_5_bw="0">
<![CDATA[
ap_fixed_base.exit:0  call void (...)* @_ssdm_op_SpecPipeline(i32 -1, i32 1, i32 1, i32 0, [1 x i8]* @p_str) nounwind

]]></node>
<StgValue><ssdm name=""/></StgValue>
</operation>

<operation id="180" st_id="22" stage="1" lat="1">
<core>NULL</core>
<MemPortIdVec></MemPortIdVec>
<condition id="0">
<or_exp><and_exp><literal name="tmp_s" val="1"/>
</and_exp></or_exp>
</condition>

<node id="12" bw="32" op_0_bw="32" op_1_bw="0">
<![CDATA[
_ifconv:0  %tmp = call i32 (...)* @_ssdm_op_SpecRegionBegin([12 x i8]* @p_str4)

]]></node>
<StgValue><ssdm name="tmp"/></StgValue>
</operation>

<operation id="181" st_id="22" stage="1" lat="17">
<core>DivnS</core>
<MemPortIdVec></MemPortIdVec>
<condition id="0">
<or_exp><and_exp><literal name="tmp_s" val="1"/>
</and_exp></or_exp>
</condition>

<node id="145" bw="13" op_0_bw="13" op_1_bw="13">
<![CDATA[
_ifconv:133  %tmp_386 = sdiv i13 %tmp_39, %tmp_122_tr_cast

]]></node>
<StgValue><ssdm name="tmp_386"/></StgValue>
</operation>

<operation id="182" st_id="22" stage="1" lat="1">
<core>NULL</core>
<MemPortIdVec></MemPortIdVec>
<condition id="0">
<or_exp><and_exp><literal name="tmp_s" val="1"/>
</and_exp></or_exp>
</condition>

<node id="146" bw="8" op_0_bw="13">
<![CDATA[
_ifconv:134  %pro_V = trunc i13 %tmp_386 to i8

]]></node>
<StgValue><ssdm name="pro_V"/></StgValue>
</operation>

<operation id="183" st_id="22" stage="1" lat="1">
<core>NULL</core>
<MemPortIdVec></MemPortIdVec>
<condition id="0">
<or_exp><and_exp><literal name="tmp_s" val="1"/>
</and_exp></or_exp>
</condition>

<node id="147" bw="32" op_0_bw="32" op_1_bw="0" op_2_bw="32">
<![CDATA[
_ifconv:135  %empty = call i32 (...)* @_ssdm_op_SpecRegionEnd([12 x i8]* @p_str4, i32 %tmp)

]]></node>
<StgValue><ssdm name="empty"/></StgValue>
</operation>

<operation id="184" st_id="22" stage="1" lat="1">
<core>NULL</core>
<MemPortIdVec></MemPortIdVec>
<condition id="0">
<or_exp><and_exp><literal name="tmp_s" val="1"/>
</and_exp></or_exp>
</condition>

<node id="148" bw="0" op_0_bw="0">
<![CDATA[
_ifconv:136  br label %ap_fixed_base.exit1

]]></node>
<StgValue><ssdm name=""/></StgValue>
</operation>

<operation id="185" st_id="22" stage="1" lat="1">
<core>NULL</core>
<MemPortIdVec></MemPortIdVec>
<condition id="3">
<or_exp><and_exp></and_exp></or_exp>
</condition>

<node id="150" bw="8" op_0_bw="8" op_1_bw="0">
<![CDATA[
ap_fixed_base.exit1:0  %p_Val2_11 = phi i8 [ %pro_V, %_ifconv ], [ 32, %ap_fixed_base.exit ]

]]></node>
<StgValue><ssdm name="p_Val2_11"/></StgValue>
</operation>

<operation id="186" st_id="22" stage="1" lat="1">
<core>AddSub</core>
<MemPortIdVec></MemPortIdVec>
<condition id="245">
<or_exp><and_exp><literal name="neg" val="1"/>
</and_exp></or_exp>
</condition>

<node id="151" bw="8" op_0_bw="8" op_1_bw="8">
<![CDATA[
ap_fixed_base.exit1:1  %p_Val2_47 = sub i8 0, %p_Val2_11

]]></node>
<StgValue><ssdm name="p_Val2_47"/></StgValue>
</operation>

<operation id="187" st_id="22" stage="1" lat="1">
<core>Sel</core>
<MemPortIdVec></MemPortIdVec>
<condition id="3">
<or_exp><and_exp></and_exp></or_exp>
</condition>

<node id="152" bw="8" op_0_bw="1" op_1_bw="8" op_2_bw="8">
<![CDATA[
ap_fixed_base.exit1:2  %p_Val2_12 = select i1 %neg, i8 %p_Val2_47, i8 %p_Val2_11

]]></node>
<StgValue><ssdm name="p_Val2_12"/></StgValue>
</operation>

<operation id="188" st_id="22" stage="1" lat="1">
<core>NULL</core>
<MemPortIdVec></MemPortIdVec>
<condition id="3">
<or_exp><and_exp></and_exp></or_exp>
</condition>

<node id="153" bw="0" op_0_bw="8">
<![CDATA[
ap_fixed_base.exit1:3  ret i8 %p_Val2_12

]]></node>
<StgValue><ssdm name=""/></StgValue>
</operation>
</state>
</state_list>


<ports>
</ports>


<dataflows>
</dataflows>


</stg>
