<stg><name>svm_classifier</name>


<trans_list>

<trans id="55" from="1" to="2">
<condition id="12">
<or_exp><and_exp></and_exp></or_exp>
</condition>
</trans>

<trans id="56" from="2" to="3">
<condition id="13">
<or_exp><and_exp></and_exp></or_exp>
</condition>
</trans>

<trans id="57" from="3" to="4">
<condition id="14">
<or_exp><and_exp><literal name="or_cond" val="1"/>
</and_exp></or_exp>
</condition>
</trans>

<trans id="58" from="3" to="5">
<condition id="15">
<or_exp><and_exp><literal name="or_cond" val="0"/>
</and_exp></or_exp>
</condition>
</trans>

<trans id="60" from="4" to="5">
<condition id="17">
<or_exp><and_exp></and_exp></or_exp>
</condition>
</trans>
</trans_list>



<state_list>

<state id="1" st_id="1">

<operation id="6" st_id="1" stage="1" lat="1">
<core>s_axilite</core>
<MemPortIdVec></MemPortIdVec>
<condition id="0">
<or_exp><and_exp></and_exp></or_exp>
</condition>

<node id="86" bw="256" op_0_bw="256" op_1_bw="256">
<![CDATA[
:8  %in_V_read = call i256 @_ssdm_op_Read.s_axilite.i256P(i256* %in_V)

]]></node>
<StgValue><ssdm name="in_V_read"/></StgValue>
</operation>

<operation id="7" st_id="1" stage="1" lat="1">
<core>NULL</core>
<MemPortIdVec></MemPortIdVec>
<condition id="0">
<or_exp><and_exp></and_exp></or_exp>
</condition>

<node id="87" bw="13" op_0_bw="13" op_1_bw="256" op_2_bw="32" op_3_bw="32">
<![CDATA[
:9  %s_in_0_V = call i13 @_ssdm_op_PartSelect.i13.i256.i32.i32(i256 %in_V_read, i32 3, i32 15)

]]></node>
<StgValue><ssdm name="s_in_0_V"/></StgValue>
</operation>

<operation id="8" st_id="1" stage="1" lat="1">
<core>NULL</core>
<MemPortIdVec></MemPortIdVec>
<condition id="0">
<or_exp><and_exp></and_exp></or_exp>
</condition>

<node id="88" bw="13" op_0_bw="13" op_1_bw="256" op_2_bw="32" op_3_bw="32">
<![CDATA[
:10  %s_in_1_V = call i13 @_ssdm_op_PartSelect.i13.i256.i32.i32(i256 %in_V_read, i32 19, i32 31)

]]></node>
<StgValue><ssdm name="s_in_1_V"/></StgValue>
</operation>

<operation id="9" st_id="1" stage="1" lat="1">
<core>NULL</core>
<MemPortIdVec></MemPortIdVec>
<condition id="0">
<or_exp><and_exp></and_exp></or_exp>
</condition>

<node id="89" bw="13" op_0_bw="13" op_1_bw="256" op_2_bw="32" op_3_bw="32">
<![CDATA[
:11  %s_in_2_V = call i13 @_ssdm_op_PartSelect.i13.i256.i32.i32(i256 %in_V_read, i32 35, i32 47)

]]></node>
<StgValue><ssdm name="s_in_2_V"/></StgValue>
</operation>

<operation id="10" st_id="1" stage="1" lat="1">
<core>NULL</core>
<MemPortIdVec></MemPortIdVec>
<condition id="0">
<or_exp><and_exp></and_exp></or_exp>
</condition>

<node id="90" bw="13" op_0_bw="13" op_1_bw="256" op_2_bw="32" op_3_bw="32">
<![CDATA[
:12  %s_in_3_V = call i13 @_ssdm_op_PartSelect.i13.i256.i32.i32(i256 %in_V_read, i32 51, i32 63)

]]></node>
<StgValue><ssdm name="s_in_3_V"/></StgValue>
</operation>

<operation id="11" st_id="1" stage="1" lat="1">
<core>NULL</core>
<MemPortIdVec></MemPortIdVec>
<condition id="0">
<or_exp><and_exp></and_exp></or_exp>
</condition>

<node id="91" bw="13" op_0_bw="13" op_1_bw="256" op_2_bw="32" op_3_bw="32">
<![CDATA[
:13  %s_in_4_V = call i13 @_ssdm_op_PartSelect.i13.i256.i32.i32(i256 %in_V_read, i32 67, i32 79)

]]></node>
<StgValue><ssdm name="s_in_4_V"/></StgValue>
</operation>

<operation id="12" st_id="1" stage="1" lat="1">
<core>NULL</core>
<MemPortIdVec></MemPortIdVec>
<condition id="0">
<or_exp><and_exp></and_exp></or_exp>
</condition>

<node id="92" bw="13" op_0_bw="13" op_1_bw="256" op_2_bw="32" op_3_bw="32">
<![CDATA[
:14  %s_in_5_V = call i13 @_ssdm_op_PartSelect.i13.i256.i32.i32(i256 %in_V_read, i32 83, i32 95)

]]></node>
<StgValue><ssdm name="s_in_5_V"/></StgValue>
</operation>

<operation id="13" st_id="1" stage="1" lat="1">
<core>NULL</core>
<MemPortIdVec></MemPortIdVec>
<condition id="0">
<or_exp><and_exp></and_exp></or_exp>
</condition>

<node id="93" bw="13" op_0_bw="13" op_1_bw="256" op_2_bw="32" op_3_bw="32">
<![CDATA[
:15  %s_in_6_V = call i13 @_ssdm_op_PartSelect.i13.i256.i32.i32(i256 %in_V_read, i32 99, i32 111)

]]></node>
<StgValue><ssdm name="s_in_6_V"/></StgValue>
</operation>

<operation id="14" st_id="1" stage="1" lat="1">
<core>NULL</core>
<MemPortIdVec></MemPortIdVec>
<condition id="0">
<or_exp><and_exp></and_exp></or_exp>
</condition>

<node id="94" bw="13" op_0_bw="13" op_1_bw="256" op_2_bw="32" op_3_bw="32">
<![CDATA[
:16  %s_in_7_V = call i13 @_ssdm_op_PartSelect.i13.i256.i32.i32(i256 %in_V_read, i32 115, i32 127)

]]></node>
<StgValue><ssdm name="s_in_7_V"/></StgValue>
</operation>

<operation id="15" st_id="1" stage="1" lat="1">
<core>NULL</core>
<MemPortIdVec></MemPortIdVec>
<condition id="0">
<or_exp><and_exp></and_exp></or_exp>
</condition>

<node id="95" bw="13" op_0_bw="13" op_1_bw="256" op_2_bw="32" op_3_bw="32">
<![CDATA[
:17  %s_in_8_V = call i13 @_ssdm_op_PartSelect.i13.i256.i32.i32(i256 %in_V_read, i32 131, i32 143)

]]></node>
<StgValue><ssdm name="s_in_8_V"/></StgValue>
</operation>

<operation id="16" st_id="1" stage="1" lat="1">
<core>NULL</core>
<MemPortIdVec></MemPortIdVec>
<condition id="0">
<or_exp><and_exp></and_exp></or_exp>
</condition>

<node id="96" bw="13" op_0_bw="13" op_1_bw="256" op_2_bw="32" op_3_bw="32">
<![CDATA[
:18  %s_in_9_V = call i13 @_ssdm_op_PartSelect.i13.i256.i32.i32(i256 %in_V_read, i32 147, i32 159)

]]></node>
<StgValue><ssdm name="s_in_9_V"/></StgValue>
</operation>

<operation id="17" st_id="1" stage="1" lat="1">
<core>NULL</core>
<MemPortIdVec></MemPortIdVec>
<condition id="0">
<or_exp><and_exp></and_exp></or_exp>
</condition>

<node id="97" bw="13" op_0_bw="13" op_1_bw="256" op_2_bw="32" op_3_bw="32">
<![CDATA[
:19  %s_in_10_V = call i13 @_ssdm_op_PartSelect.i13.i256.i32.i32(i256 %in_V_read, i32 163, i32 175)

]]></node>
<StgValue><ssdm name="s_in_10_V"/></StgValue>
</operation>

<operation id="18" st_id="1" stage="1" lat="1">
<core>NULL</core>
<MemPortIdVec></MemPortIdVec>
<condition id="0">
<or_exp><and_exp></and_exp></or_exp>
</condition>

<node id="98" bw="13" op_0_bw="13" op_1_bw="256" op_2_bw="32" op_3_bw="32">
<![CDATA[
:20  %s_in_11_V = call i13 @_ssdm_op_PartSelect.i13.i256.i32.i32(i256 %in_V_read, i32 179, i32 191)

]]></node>
<StgValue><ssdm name="s_in_11_V"/></StgValue>
</operation>

<operation id="19" st_id="1" stage="1" lat="1">
<core>NULL</core>
<MemPortIdVec></MemPortIdVec>
<condition id="0">
<or_exp><and_exp></and_exp></or_exp>
</condition>

<node id="99" bw="13" op_0_bw="13" op_1_bw="256" op_2_bw="32" op_3_bw="32">
<![CDATA[
:21  %s_in_12_V = call i13 @_ssdm_op_PartSelect.i13.i256.i32.i32(i256 %in_V_read, i32 195, i32 207)

]]></node>
<StgValue><ssdm name="s_in_12_V"/></StgValue>
</operation>

<operation id="20" st_id="1" stage="1" lat="1">
<core>NULL</core>
<MemPortIdVec></MemPortIdVec>
<condition id="0">
<or_exp><and_exp></and_exp></or_exp>
</condition>

<node id="100" bw="13" op_0_bw="13" op_1_bw="256" op_2_bw="32" op_3_bw="32">
<![CDATA[
:22  %s_in_13_V = call i13 @_ssdm_op_PartSelect.i13.i256.i32.i32(i256 %in_V_read, i32 211, i32 223)

]]></node>
<StgValue><ssdm name="s_in_13_V"/></StgValue>
</operation>

<operation id="21" st_id="1" stage="1" lat="1">
<core>NULL</core>
<MemPortIdVec></MemPortIdVec>
<condition id="0">
<or_exp><and_exp></and_exp></or_exp>
</condition>

<node id="101" bw="13" op_0_bw="13" op_1_bw="256" op_2_bw="32" op_3_bw="32">
<![CDATA[
:23  %s_in_14_V = call i13 @_ssdm_op_PartSelect.i13.i256.i32.i32(i256 %in_V_read, i32 227, i32 239)

]]></node>
<StgValue><ssdm name="s_in_14_V"/></StgValue>
</operation>

<operation id="22" st_id="1" stage="1" lat="1">
<core>NULL</core>
<MemPortIdVec></MemPortIdVec>
<condition id="0">
<or_exp><and_exp></and_exp></or_exp>
</condition>

<node id="102" bw="13" op_0_bw="13" op_1_bw="256" op_2_bw="32" op_3_bw="32">
<![CDATA[
:24  %s_in_15_V = call i13 @_ssdm_op_PartSelect.i13.i256.i32.i32(i256 %in_V_read, i32 243, i32 255)

]]></node>
<StgValue><ssdm name="s_in_15_V"/></StgValue>
</operation>

<operation id="23" st_id="1" stage="2" lat="2">
<core></core>
<MemPortIdVec></MemPortIdVec>
<condition id="0">
<or_exp><and_exp></and_exp></or_exp>
</condition>

<node id="103" bw="18" op_0_bw="18" op_1_bw="13" op_2_bw="13" op_3_bw="13" op_4_bw="13" op_5_bw="13" op_6_bw="13" op_7_bw="13" op_8_bw="13" op_9_bw="13" op_10_bw="13" op_11_bw="13" op_12_bw="13" op_13_bw="13" op_14_bw="13" op_15_bw="13" op_16_bw="13" op_17_bw="240" op_18_bw="240" op_19_bw="240" op_20_bw="240" op_21_bw="240" op_22_bw="240" op_23_bw="240" op_24_bw="240" op_25_bw="240" op_26_bw="240" op_27_bw="240" op_28_bw="240" op_29_bw="240" op_30_bw="240" op_31_bw="240" op_32_bw="240" op_33_bw="240" op_34_bw="240" op_35_bw="13" op_36_bw="13" op_37_bw="13" op_38_bw="13" op_39_bw="13" op_40_bw="13" op_41_bw="13" op_42_bw="13" op_43_bw="13" op_44_bw="13" op_45_bw="13" op_46_bw="13" op_47_bw="13" op_48_bw="13" op_49_bw="13" op_50_bw="13" op_51_bw="13" op_52_bw="13">
<![CDATA[
:25  %lp_res_V = call fastcc i18 @svm_classifier_svm_classifier_process(i13 %s_in_0_V, i13 %s_in_1_V, i13 %s_in_2_V, i13 %s_in_3_V, i13 %s_in_4_V, i13 %s_in_5_V, i13 %s_in_6_V, i13 %s_in_7_V, i13 %s_in_8_V, i13 %s_in_9_V, i13 %s_in_10_V, i13 %s_in_11_V, i13 %s_in_12_V, i13 %s_in_13_V, i13 %s_in_14_V, i13 %s_in_15_V, [30 x i240]* @SVs_l_V_0, [30 x i240]* @SVs_l_V_1, [30 x i240]* @SVs_l_V_2, [29 x i240]* @SVs_l_V_3, [29 x i240]* @SVs_l_V_4, [29 x i240]* @SVs_l_V_5, [29 x i240]* @SVs_l_V_6, [29 x i240]* @SVs_l_V_7, [29 x i240]* @SVs_l_V_8, [29 x i240]* @SVs_l_V_9, [29 x i240]* @SVs_l_V_10, [29 x i240]* @SVs_l_V_11, [29 x i240]* @SVs_l_V_12, [29 x i240]* @SVs_l_V_13, [29 x i240]* @SVs_l_V_14, [29 x i240]* @SVs_l_V_15, [29 x i240]* @SVs_l_V_16, [29 x i240]* @SVs_l_V_17, [30 x i13]* @alpha_l_V_0, [30 x i13]* @alpha_l_V_1, [30 x i13]* @alpha_l_V_2, [29 x i13]* @alpha_l_V_3, [29 x i13]* @alpha_l_V_4, [29 x i13]* @alpha_l_V_5, [29 x i13]* @alpha_l_V_6, [29 x i13]* @alpha_l_V_7, [29 x i13]* @alpha_l_V_8, [29 x i13]* @alpha_l_V_9, [29 x i13]* @alpha_l_V_10, [29 x i13]* @alpha_l_V_11, [29 x i13]* @alpha_l_V_12, [29 x i13]* @alpha_l_V_13, [29 x i13]* @alpha_l_V_14, [29 x i13]* @alpha_l_V_15, [29 x i13]* @alpha_l_V_16, [29 x i13]* @alpha_l_V_17)

]]></node>
<StgValue><ssdm name="lp_res_V"/></StgValue>
</operation>
</state>

<state id="2" st_id="2">

<operation id="24" st_id="2" stage="1" lat="2">
<core></core>
<MemPortIdVec></MemPortIdVec>
<condition id="1">
<or_exp><and_exp></and_exp></or_exp>
</condition>

<node id="103" bw="18" op_0_bw="18" op_1_bw="13" op_2_bw="13" op_3_bw="13" op_4_bw="13" op_5_bw="13" op_6_bw="13" op_7_bw="13" op_8_bw="13" op_9_bw="13" op_10_bw="13" op_11_bw="13" op_12_bw="13" op_13_bw="13" op_14_bw="13" op_15_bw="13" op_16_bw="13" op_17_bw="240" op_18_bw="240" op_19_bw="240" op_20_bw="240" op_21_bw="240" op_22_bw="240" op_23_bw="240" op_24_bw="240" op_25_bw="240" op_26_bw="240" op_27_bw="240" op_28_bw="240" op_29_bw="240" op_30_bw="240" op_31_bw="240" op_32_bw="240" op_33_bw="240" op_34_bw="240" op_35_bw="13" op_36_bw="13" op_37_bw="13" op_38_bw="13" op_39_bw="13" op_40_bw="13" op_41_bw="13" op_42_bw="13" op_43_bw="13" op_44_bw="13" op_45_bw="13" op_46_bw="13" op_47_bw="13" op_48_bw="13" op_49_bw="13" op_50_bw="13" op_51_bw="13" op_52_bw="13">
<![CDATA[
:25  %lp_res_V = call fastcc i18 @svm_classifier_svm_classifier_process(i13 %s_in_0_V, i13 %s_in_1_V, i13 %s_in_2_V, i13 %s_in_3_V, i13 %s_in_4_V, i13 %s_in_5_V, i13 %s_in_6_V, i13 %s_in_7_V, i13 %s_in_8_V, i13 %s_in_9_V, i13 %s_in_10_V, i13 %s_in_11_V, i13 %s_in_12_V, i13 %s_in_13_V, i13 %s_in_14_V, i13 %s_in_15_V, [30 x i240]* @SVs_l_V_0, [30 x i240]* @SVs_l_V_1, [30 x i240]* @SVs_l_V_2, [29 x i240]* @SVs_l_V_3, [29 x i240]* @SVs_l_V_4, [29 x i240]* @SVs_l_V_5, [29 x i240]* @SVs_l_V_6, [29 x i240]* @SVs_l_V_7, [29 x i240]* @SVs_l_V_8, [29 x i240]* @SVs_l_V_9, [29 x i240]* @SVs_l_V_10, [29 x i240]* @SVs_l_V_11, [29 x i240]* @SVs_l_V_12, [29 x i240]* @SVs_l_V_13, [29 x i240]* @SVs_l_V_14, [29 x i240]* @SVs_l_V_15, [29 x i240]* @SVs_l_V_16, [29 x i240]* @SVs_l_V_17, [30 x i13]* @alpha_l_V_0, [30 x i13]* @alpha_l_V_1, [30 x i13]* @alpha_l_V_2, [29 x i13]* @alpha_l_V_3, [29 x i13]* @alpha_l_V_4, [29 x i13]* @alpha_l_V_5, [29 x i13]* @alpha_l_V_6, [29 x i13]* @alpha_l_V_7, [29 x i13]* @alpha_l_V_8, [29 x i13]* @alpha_l_V_9, [29 x i13]* @alpha_l_V_10, [29 x i13]* @alpha_l_V_11, [29 x i13]* @alpha_l_V_12, [29 x i13]* @alpha_l_V_13, [29 x i13]* @alpha_l_V_14, [29 x i13]* @alpha_l_V_15, [29 x i13]* @alpha_l_V_16, [29 x i13]* @alpha_l_V_17)

]]></node>
<StgValue><ssdm name="lp_res_V"/></StgValue>
</operation>
</state>

<state id="3" st_id="3">

<operation id="25" st_id="3" stage="1" lat="1">
<core>NULL</core>
<MemPortIdVec></MemPortIdVec>
<condition id="2">
<or_exp><and_exp></and_exp></or_exp>
</condition>

<node id="78" bw="0" op_0_bw="0" op_1_bw="256">
<![CDATA[
:0  call void (...)* @_ssdm_op_SpecBitsMap(i256* %in_V), !map !7

]]></node>
<StgValue><ssdm name=""/></StgValue>
</operation>

<operation id="26" st_id="3" stage="1" lat="1">
<core>NULL</core>
<MemPortIdVec></MemPortIdVec>
<condition id="2">
<or_exp><and_exp></and_exp></or_exp>
</condition>

<node id="79" bw="0" op_0_bw="0" op_1_bw="32">
<![CDATA[
:1  call void (...)* @_ssdm_op_SpecBitsMap(i32* %lp_count), !map !88

]]></node>
<StgValue><ssdm name=""/></StgValue>
</operation>

<operation id="27" st_id="3" stage="1" lat="1">
<core>NULL</core>
<MemPortIdVec></MemPortIdVec>
<condition id="2">
<or_exp><and_exp></and_exp></or_exp>
</condition>

<node id="80" bw="0" op_0_bw="0" op_1_bw="32">
<![CDATA[
:2  call void (...)* @_ssdm_op_SpecBitsMap(i32* %hp_count), !map !94

]]></node>
<StgValue><ssdm name=""/></StgValue>
</operation>

<operation id="28" st_id="3" stage="1" lat="1">
<core>NULL</core>
<MemPortIdVec></MemPortIdVec>
<condition id="2">
<or_exp><and_exp></and_exp></or_exp>
</condition>

<node id="81" bw="0" op_0_bw="0" op_1_bw="1">
<![CDATA[
:3  call void (...)* @_ssdm_op_SpecBitsMap(i1 false) nounwind, !map !98

]]></node>
<StgValue><ssdm name=""/></StgValue>
</operation>

<operation id="29" st_id="3" stage="1" lat="1">
<core>NULL</core>
<MemPortIdVec></MemPortIdVec>
<condition id="2">
<or_exp><and_exp></and_exp></or_exp>
</condition>

<node id="82" bw="0" op_0_bw="0" op_1_bw="0">
<![CDATA[
:4  call void (...)* @_ssdm_op_SpecTopModule([15 x i8]* @svm_classifier_str) nounwind

]]></node>
<StgValue><ssdm name=""/></StgValue>
</operation>

<operation id="30" st_id="3" stage="1" lat="1">
<core>NULL</core>
<MemPortIdVec></MemPortIdVec>
<condition id="2">
<or_exp><and_exp></and_exp></or_exp>
</condition>

<node id="83" bw="0" op_0_bw="0" op_1_bw="32" op_2_bw="0" op_3_bw="32" op_4_bw="32" op_5_bw="32" op_6_bw="32" op_7_bw="0" op_8_bw="0" op_9_bw="0" op_10_bw="32" op_11_bw="32" op_12_bw="32" op_13_bw="32" op_14_bw="0">
<![CDATA[
:5  call void (...)* @_ssdm_op_SpecInterface(i32* %lp_count, [10 x i8]* @p_str15, i32 0, i32 0, i32 0, i32 0, [1 x i8]* @p_str916, [1 x i8]* @p_str916, [1 x i8]* @p_str916, i32 0, i32 0, i32 0, i32 0, [1 x i8]* @p_str916) nounwind

]]></node>
<StgValue><ssdm name=""/></StgValue>
</operation>

<operation id="31" st_id="3" stage="1" lat="1">
<core>NULL</core>
<MemPortIdVec></MemPortIdVec>
<condition id="2">
<or_exp><and_exp></and_exp></or_exp>
</condition>

<node id="84" bw="0" op_0_bw="0" op_1_bw="32" op_2_bw="0" op_3_bw="32" op_4_bw="32" op_5_bw="32" op_6_bw="32" op_7_bw="0" op_8_bw="0" op_9_bw="0" op_10_bw="32" op_11_bw="32" op_12_bw="32" op_13_bw="32" op_14_bw="0">
<![CDATA[
:6  call void (...)* @_ssdm_op_SpecInterface(i32 0, [10 x i8]* @p_str15, i32 0, i32 0, i32 0, i32 0, [1 x i8]* @p_str916, [1 x i8]* @p_str916, [1 x i8]* @p_str916, i32 0, i32 0, i32 0, i32 0, [1 x i8]* @p_str916) nounwind

]]></node>
<StgValue><ssdm name=""/></StgValue>
</operation>

<operation id="32" st_id="3" stage="1" lat="1">
<core>NULL</core>
<MemPortIdVec></MemPortIdVec>
<condition id="2">
<or_exp><and_exp></and_exp></or_exp>
</condition>

<node id="85" bw="0" op_0_bw="0" op_1_bw="256" op_2_bw="0" op_3_bw="32" op_4_bw="32" op_5_bw="32" op_6_bw="32" op_7_bw="0" op_8_bw="0" op_9_bw="0" op_10_bw="32" op_11_bw="32" op_12_bw="32" op_13_bw="32" op_14_bw="0">
<![CDATA[
:7  call void (...)* @_ssdm_op_SpecInterface(i256* %in_V, [10 x i8]* @p_str15, i32 0, i32 0, i32 0, i32 0, [1 x i8]* @p_str916, [1 x i8]* @p_str916, [1 x i8]* @p_str916, i32 0, i32 0, i32 0, i32 0, [1 x i8]* @p_str916) nounwind

]]></node>
<StgValue><ssdm name=""/></StgValue>
</operation>

<operation id="33" st_id="3" stage="1" lat="1">
<core>NULL</core>
<MemPortIdVec></MemPortIdVec>
<condition id="2">
<or_exp><and_exp></and_exp></or_exp>
</condition>

<node id="104" bw="19" op_0_bw="18">
<![CDATA[
:26  %tmp_15 = sext i18 %lp_res_V to i19

]]></node>
<StgValue><ssdm name="tmp_15"/></StgValue>
</operation>

<operation id="34" st_id="3" stage="1" lat="1">
<core>AddSub</core>
<MemPortIdVec></MemPortIdVec>
<condition id="2">
<or_exp><and_exp></and_exp></or_exp>
</condition>

<node id="105" bw="19" op_0_bw="19" op_1_bw="19">
<![CDATA[
:27  %r_V = add i19 %tmp_15, 59224

]]></node>
<StgValue><ssdm name="r_V"/></StgValue>
</operation>

<operation id="35" st_id="3" stage="1" lat="1">
<core>Cmp</core>
<MemPortIdVec></MemPortIdVec>
<condition id="2">
<or_exp><and_exp></and_exp></or_exp>
</condition>

<node id="106" bw="1" op_0_bw="19" op_1_bw="19">
<![CDATA[
:28  %tmp_16 = icmp sgt i19 %r_V, -256

]]></node>
<StgValue><ssdm name="tmp_16"/></StgValue>
</operation>

<operation id="36" st_id="3" stage="1" lat="1">
<core>Cmp</core>
<MemPortIdVec></MemPortIdVec>
<condition id="2">
<or_exp><and_exp></and_exp></or_exp>
</condition>

<node id="107" bw="1" op_0_bw="19" op_1_bw="19">
<![CDATA[
:29  %tmp_17 = icmp slt i19 %r_V, 33280

]]></node>
<StgValue><ssdm name="tmp_17"/></StgValue>
</operation>

<operation id="37" st_id="3" stage="1" lat="1">
<core>LogicGate</core>
<MemPortIdVec></MemPortIdVec>
<condition id="2">
<or_exp><and_exp></and_exp></or_exp>
</condition>

<node id="108" bw="1" op_0_bw="1" op_1_bw="1">
<![CDATA[
:30  %or_cond = and i1 %tmp_16, %tmp_17

]]></node>
<StgValue><ssdm name="or_cond"/></StgValue>
</operation>

<operation id="38" st_id="3" stage="1" lat="1">
<core>NULL</core>
<MemPortIdVec></MemPortIdVec>
<condition id="2">
<or_exp><and_exp></and_exp></or_exp>
</condition>

<node id="109" bw="0" op_0_bw="1" op_1_bw="0" op_2_bw="0">
<![CDATA[
:31  br i1 %or_cond, label %1, label %._crit_edge

]]></node>
<StgValue><ssdm name=""/></StgValue>
</operation>

<operation id="39" st_id="3" stage="1" lat="1">
<core>NULL</core>
<MemPortIdVec></MemPortIdVec>
<condition id="4">
<or_exp><and_exp><literal name="or_cond" val="0"/>
</and_exp></or_exp>
</condition>

<node id="111" bw="1" op_0_bw="1" op_1_bw="19" op_2_bw="32">
<![CDATA[
._crit_edge:0  %out_1 = call i1 @_ssdm_op_BitSelect.i1.i19.i32(i19 %r_V, i32 18)

]]></node>
<StgValue><ssdm name="out_1"/></StgValue>
</operation>

<operation id="40" st_id="3" stage="1" lat="1">
<core>s_axilite</core>
<MemPortIdVec></MemPortIdVec>
<condition id="4">
<or_exp><and_exp><literal name="or_cond" val="0"/>
</and_exp></or_exp>
</condition>

<node id="112" bw="0" op_0_bw="0" op_1_bw="32" op_2_bw="32">
<![CDATA[
._crit_edge:1  call void @_ssdm_op_Write.s_axilite.i32P(i32* %lp_count, i32 1)

]]></node>
<StgValue><ssdm name=""/></StgValue>
</operation>

<operation id="41" st_id="3" stage="1" lat="1">
<core>NULL</core>
<MemPortIdVec></MemPortIdVec>
<condition id="4">
<or_exp><and_exp><literal name="or_cond" val="0"/>
</and_exp></or_exp>
</condition>

<node id="113" bw="0" op_0_bw="0" op_1_bw="32" op_2_bw="32">
<![CDATA[
._crit_edge:2  call void @_ssdm_op_Write.ap_auto.i32P(i32* %hp_count, i32 0)

]]></node>
<StgValue><ssdm name=""/></StgValue>
</operation>

<operation id="42" st_id="3" stage="1" lat="1">
<core>NULL</core>
<MemPortIdVec></MemPortIdVec>
<condition id="4">
<or_exp><and_exp><literal name="or_cond" val="0"/>
</and_exp></or_exp>
</condition>

<node id="114" bw="0" op_0_bw="0">
<![CDATA[
._crit_edge:3  br label %2

]]></node>
<StgValue><ssdm name=""/></StgValue>
</operation>

<operation id="43" st_id="3" stage="2" lat="2">
<core></core>
<MemPortIdVec></MemPortIdVec>
<condition id="6">
<or_exp><and_exp><literal name="or_cond" val="1"/>
</and_exp></or_exp>
</condition>

<node id="116" bw="18" op_0_bw="18" op_1_bw="13" op_2_bw="13" op_3_bw="13" op_4_bw="13" op_5_bw="13" op_6_bw="13" op_7_bw="13" op_8_bw="13" op_9_bw="13" op_10_bw="13" op_11_bw="13" op_12_bw="13" op_13_bw="13" op_14_bw="13" op_15_bw="13" op_16_bw="13" op_17_bw="240" op_18_bw="240" op_19_bw="240" op_20_bw="240" op_21_bw="240" op_22_bw="240" op_23_bw="240" op_24_bw="240" op_25_bw="240" op_26_bw="240" op_27_bw="240" op_28_bw="240" op_29_bw="240" op_30_bw="240" op_31_bw="240" op_32_bw="240" op_33_bw="240" op_34_bw="240" op_35_bw="13" op_36_bw="13" op_37_bw="13" op_38_bw="13" op_39_bw="13" op_40_bw="13" op_41_bw="13" op_42_bw="13" op_43_bw="13" op_44_bw="13" op_45_bw="13" op_46_bw="13" op_47_bw="13" op_48_bw="13" op_49_bw="13" op_50_bw="13" op_51_bw="13" op_52_bw="13">
<![CDATA[
:0  %hp_res_V = call fastcc i18 @svm_classifier_svm_classifier_process(i13 %s_in_0_V, i13 %s_in_1_V, i13 %s_in_2_V, i13 %s_in_3_V, i13 %s_in_4_V, i13 %s_in_5_V, i13 %s_in_6_V, i13 %s_in_7_V, i13 %s_in_8_V, i13 %s_in_9_V, i13 %s_in_10_V, i13 %s_in_11_V, i13 %s_in_12_V, i13 %s_in_13_V, i13 %s_in_14_V, i13 %s_in_15_V, [30 x i240]* @SVs_h_V_0, [30 x i240]* @SVs_h_V_1, [30 x i240]* @SVs_h_V_2, [29 x i240]* @SVs_h_V_3, [29 x i240]* @SVs_h_V_4, [29 x i240]* @SVs_h_V_5, [29 x i240]* @SVs_h_V_6, [29 x i240]* @SVs_h_V_7, [29 x i240]* @SVs_h_V_8, [29 x i240]* @SVs_h_V_9, [29 x i240]* @SVs_h_V_10, [29 x i240]* @SVs_h_V_11, [29 x i240]* @SVs_h_V_12, [29 x i240]* @SVs_h_V_13, [29 x i240]* @SVs_h_V_14, [29 x i240]* @SVs_h_V_15, [29 x i240]* @SVs_h_V_16, [29 x i240]* @SVs_h_V_17, [30 x i13]* @alpha_h_V_0, [30 x i13]* @alpha_h_V_1, [30 x i13]* @alpha_h_V_2, [29 x i13]* @alpha_h_V_3, [29 x i13]* @alpha_h_V_4, [29 x i13]* @alpha_h_V_5, [29 x i13]* @alpha_h_V_6, [29 x i13]* @alpha_h_V_7, [29 x i13]* @alpha_h_V_8, [29 x i13]* @alpha_h_V_9, [29 x i13]* @alpha_h_V_10, [29 x i13]* @alpha_h_V_11, [29 x i13]* @alpha_h_V_12, [29 x i13]* @alpha_h_V_13, [29 x i13]* @alpha_h_V_14, [29 x i13]* @alpha_h_V_15, [29 x i13]* @alpha_h_V_16, [29 x i13]* @alpha_h_V_17)

]]></node>
<StgValue><ssdm name="hp_res_V"/></StgValue>
</operation>
</state>

<state id="4" st_id="4">

<operation id="44" st_id="4" stage="1" lat="2">
<core></core>
<MemPortIdVec></MemPortIdVec>
<condition id="7">
<or_exp><and_exp></and_exp></or_exp>
</condition>

<node id="116" bw="18" op_0_bw="18" op_1_bw="13" op_2_bw="13" op_3_bw="13" op_4_bw="13" op_5_bw="13" op_6_bw="13" op_7_bw="13" op_8_bw="13" op_9_bw="13" op_10_bw="13" op_11_bw="13" op_12_bw="13" op_13_bw="13" op_14_bw="13" op_15_bw="13" op_16_bw="13" op_17_bw="240" op_18_bw="240" op_19_bw="240" op_20_bw="240" op_21_bw="240" op_22_bw="240" op_23_bw="240" op_24_bw="240" op_25_bw="240" op_26_bw="240" op_27_bw="240" op_28_bw="240" op_29_bw="240" op_30_bw="240" op_31_bw="240" op_32_bw="240" op_33_bw="240" op_34_bw="240" op_35_bw="13" op_36_bw="13" op_37_bw="13" op_38_bw="13" op_39_bw="13" op_40_bw="13" op_41_bw="13" op_42_bw="13" op_43_bw="13" op_44_bw="13" op_45_bw="13" op_46_bw="13" op_47_bw="13" op_48_bw="13" op_49_bw="13" op_50_bw="13" op_51_bw="13" op_52_bw="13">
<![CDATA[
:0  %hp_res_V = call fastcc i18 @svm_classifier_svm_classifier_process(i13 %s_in_0_V, i13 %s_in_1_V, i13 %s_in_2_V, i13 %s_in_3_V, i13 %s_in_4_V, i13 %s_in_5_V, i13 %s_in_6_V, i13 %s_in_7_V, i13 %s_in_8_V, i13 %s_in_9_V, i13 %s_in_10_V, i13 %s_in_11_V, i13 %s_in_12_V, i13 %s_in_13_V, i13 %s_in_14_V, i13 %s_in_15_V, [30 x i240]* @SVs_h_V_0, [30 x i240]* @SVs_h_V_1, [30 x i240]* @SVs_h_V_2, [29 x i240]* @SVs_h_V_3, [29 x i240]* @SVs_h_V_4, [29 x i240]* @SVs_h_V_5, [29 x i240]* @SVs_h_V_6, [29 x i240]* @SVs_h_V_7, [29 x i240]* @SVs_h_V_8, [29 x i240]* @SVs_h_V_9, [29 x i240]* @SVs_h_V_10, [29 x i240]* @SVs_h_V_11, [29 x i240]* @SVs_h_V_12, [29 x i240]* @SVs_h_V_13, [29 x i240]* @SVs_h_V_14, [29 x i240]* @SVs_h_V_15, [29 x i240]* @SVs_h_V_16, [29 x i240]* @SVs_h_V_17, [30 x i13]* @alpha_h_V_0, [30 x i13]* @alpha_h_V_1, [30 x i13]* @alpha_h_V_2, [29 x i13]* @alpha_h_V_3, [29 x i13]* @alpha_h_V_4, [29 x i13]* @alpha_h_V_5, [29 x i13]* @alpha_h_V_6, [29 x i13]* @alpha_h_V_7, [29 x i13]* @alpha_h_V_8, [29 x i13]* @alpha_h_V_9, [29 x i13]* @alpha_h_V_10, [29 x i13]* @alpha_h_V_11, [29 x i13]* @alpha_h_V_12, [29 x i13]* @alpha_h_V_13, [29 x i13]* @alpha_h_V_14, [29 x i13]* @alpha_h_V_15, [29 x i13]* @alpha_h_V_16, [29 x i13]* @alpha_h_V_17)

]]></node>
<StgValue><ssdm name="hp_res_V"/></StgValue>
</operation>

<operation id="45" st_id="4" stage="1" lat="1">
<core>NULL</core>
<MemPortIdVec></MemPortIdVec>
<condition id="7">
<or_exp><and_exp></and_exp></or_exp>
</condition>

<node id="117" bw="19" op_0_bw="18">
<![CDATA[
:1  %tmp_18 = sext i18 %hp_res_V to i19

]]></node>
<StgValue><ssdm name="tmp_18"/></StgValue>
</operation>

<operation id="46" st_id="4" stage="1" lat="1">
<core>AddSub</core>
<MemPortIdVec></MemPortIdVec>
<condition id="7">
<or_exp><and_exp></and_exp></or_exp>
</condition>

<node id="118" bw="19" op_0_bw="19" op_1_bw="19">
<![CDATA[
:2  %p_Val2_2 = add i19 %tmp_18, %tmp_15

]]></node>
<StgValue><ssdm name="p_Val2_2"/></StgValue>
</operation>

<operation id="47" st_id="4" stage="1" lat="1">
<core>NULL</core>
<MemPortIdVec></MemPortIdVec>
<condition id="7">
<or_exp><and_exp></and_exp></or_exp>
</condition>

<node id="119" bw="20" op_0_bw="19">
<![CDATA[
:3  %tmp_19 = sext i19 %p_Val2_2 to i20

]]></node>
<StgValue><ssdm name="tmp_19"/></StgValue>
</operation>

<operation id="48" st_id="4" stage="1" lat="1">
<core>AddSub</core>
<MemPortIdVec></MemPortIdVec>
<condition id="7">
<or_exp><and_exp></and_exp></or_exp>
</condition>

<node id="120" bw="20" op_0_bw="20" op_1_bw="20">
<![CDATA[
:4  %r_V_1 = add i20 %tmp_19, 59224

]]></node>
<StgValue><ssdm name="r_V_1"/></StgValue>
</operation>

<operation id="49" st_id="4" stage="1" lat="1">
<core>NULL</core>
<MemPortIdVec></MemPortIdVec>
<condition id="7">
<or_exp><and_exp></and_exp></or_exp>
</condition>

<node id="121" bw="1" op_0_bw="1" op_1_bw="20" op_2_bw="32">
<![CDATA[
:5  %out = call i1 @_ssdm_op_BitSelect.i1.i20.i32(i20 %r_V_1, i32 19)

]]></node>
<StgValue><ssdm name="out"/></StgValue>
</operation>
</state>

<state id="5" st_id="5">

<operation id="50" st_id="5" stage="1" lat="1">
<core>NULL</core>
<MemPortIdVec></MemPortIdVec>
<condition id="8">
<or_exp><and_exp><literal name="or_cond" val="1"/>
</and_exp></or_exp>
</condition>

<node id="122" bw="0" op_0_bw="0" op_1_bw="32" op_2_bw="32">
<![CDATA[
:6  call void @_ssdm_op_Write.ap_auto.i32P(i32* %hp_count, i32 1)

]]></node>
<StgValue><ssdm name=""/></StgValue>
</operation>

<operation id="51" st_id="5" stage="1" lat="1">
<core>s_axilite</core>
<MemPortIdVec></MemPortIdVec>
<condition id="8">
<or_exp><and_exp><literal name="or_cond" val="1"/>
</and_exp></or_exp>
</condition>

<node id="123" bw="0" op_0_bw="0" op_1_bw="32" op_2_bw="32">
<![CDATA[
:7  call void @_ssdm_op_Write.s_axilite.i32P(i32* %lp_count, i32 0)

]]></node>
<StgValue><ssdm name=""/></StgValue>
</operation>

<operation id="52" st_id="5" stage="1" lat="1">
<core>NULL</core>
<MemPortIdVec></MemPortIdVec>
<condition id="8">
<or_exp><and_exp><literal name="or_cond" val="1"/>
</and_exp></or_exp>
</condition>

<node id="124" bw="0" op_0_bw="0">
<![CDATA[
:8  br label %2

]]></node>
<StgValue><ssdm name=""/></StgValue>
</operation>

<operation id="53" st_id="5" stage="1" lat="1">
<core>NULL</core>
<MemPortIdVec></MemPortIdVec>
<condition id="11">
<or_exp><and_exp></and_exp></or_exp>
</condition>

<node id="126" bw="1" op_0_bw="1" op_1_bw="0">
<![CDATA[
:0  %out2 = phi i1 [ %out_1, %._crit_edge ], [ %out, %1 ]

]]></node>
<StgValue><ssdm name="out2"/></StgValue>
</operation>

<operation id="54" st_id="5" stage="1" lat="1">
<core>NULL</core>
<MemPortIdVec></MemPortIdVec>
<condition id="11">
<or_exp><and_exp></and_exp></or_exp>
</condition>

<node id="127" bw="0" op_0_bw="1">
<![CDATA[
:1  ret i1 %out2

]]></node>
<StgValue><ssdm name=""/></StgValue>
</operation>
</state>
</state_list>


<ports>
<port id="61" name="in_V" dir="0" iftype="0">
<core>NULL</core><StgValue><ssdm name="in_V"/></StgValue>
</port>
<port id="62" name="lp_count" dir="1" iftype="0">
<core>NULL</core><StgValue><ssdm name="lp_count"/></StgValue>
</port>
<port id="63" name="hp_count" dir="1" iftype="0">
<core>NULL</core><StgValue><ssdm name="hp_count"/></StgValue>
</port>
<port id="64" name="sinh_lut_V" dir="0" iftype="1">
<core>ROM_nP</core><StgValue><ssdm name="sinh_lut_V"/><MemPortTyVec>1 </MemPortTyVec>
</StgValue>
</port>
<port id="65" name="cosh_lut_V" dir="0" iftype="1">
<core>ROM_nP</core><StgValue><ssdm name="cosh_lut_V"/><MemPortTyVec>1 </MemPortTyVec>
</StgValue>
</port>
<port id="66" name="SVs_l_V_0" dir="0" iftype="1">
<core>RAM</core><StgValue><ssdm name="SVs_l_V_0"/><MemPortTyVec>1 3 </MemPortTyVec>
</StgValue>
</port>
<port id="67" name="SVs_l_V_1" dir="0" iftype="1">
<core>RAM</core><StgValue><ssdm name="SVs_l_V_1"/><MemPortTyVec>1 3 </MemPortTyVec>
</StgValue>
</port>
<port id="68" name="SVs_l_V_2" dir="0" iftype="1">
<core>RAM</core><StgValue><ssdm name="SVs_l_V_2"/><MemPortTyVec>1 3 </MemPortTyVec>
</StgValue>
</port>
<port id="69" name="SVs_l_V_3" dir="0" iftype="1">
<core>RAM</core><StgValue><ssdm name="SVs_l_V_3"/><MemPortTyVec>1 3 </MemPortTyVec>
</StgValue>
</port>
<port id="70" name="SVs_l_V_4" dir="0" iftype="1">
<core>RAM</core><StgValue><ssdm name="SVs_l_V_4"/><MemPortTyVec>1 3 </MemPortTyVec>
</StgValue>
</port>
<port id="71" name="SVs_l_V_5" dir="0" iftype="1">
<core>RAM</core><StgValue><ssdm name="SVs_l_V_5"/><MemPortTyVec>1 3 </MemPortTyVec>
</StgValue>
</port>
<port id="72" name="SVs_l_V_6" dir="0" iftype="1">
<core>RAM</core><StgValue><ssdm name="SVs_l_V_6"/><MemPortTyVec>1 3 </MemPortTyVec>
</StgValue>
</port>
<port id="73" name="SVs_l_V_7" dir="0" iftype="1">
<core>RAM</core><StgValue><ssdm name="SVs_l_V_7"/><MemPortTyVec>1 3 </MemPortTyVec>
</StgValue>
</port>
<port id="74" name="SVs_l_V_8" dir="0" iftype="1">
<core>RAM</core><StgValue><ssdm name="SVs_l_V_8"/><MemPortTyVec>1 3 </MemPortTyVec>
</StgValue>
</port>
<port id="75" name="SVs_l_V_9" dir="0" iftype="1">
<core>RAM</core><StgValue><ssdm name="SVs_l_V_9"/><MemPortTyVec>1 3 </MemPortTyVec>
</StgValue>
</port>
<port id="76" name="SVs_l_V_10" dir="0" iftype="1">
<core>RAM</core><StgValue><ssdm name="SVs_l_V_10"/><MemPortTyVec>1 3 </MemPortTyVec>
</StgValue>
</port>
<port id="77" name="SVs_l_V_11" dir="0" iftype="1">
<core>RAM</core><StgValue><ssdm name="SVs_l_V_11"/><MemPortTyVec>1 3 </MemPortTyVec>
</StgValue>
</port>
<port id="78" name="SVs_l_V_12" dir="0" iftype="1">
<core>RAM</core><StgValue><ssdm name="SVs_l_V_12"/><MemPortTyVec>1 3 </MemPortTyVec>
</StgValue>
</port>
<port id="79" name="SVs_l_V_13" dir="0" iftype="1">
<core>RAM</core><StgValue><ssdm name="SVs_l_V_13"/><MemPortTyVec>1 3 </MemPortTyVec>
</StgValue>
</port>
<port id="80" name="SVs_l_V_14" dir="0" iftype="1">
<core>RAM</core><StgValue><ssdm name="SVs_l_V_14"/><MemPortTyVec>1 3 </MemPortTyVec>
</StgValue>
</port>
<port id="81" name="SVs_l_V_15" dir="0" iftype="1">
<core>RAM</core><StgValue><ssdm name="SVs_l_V_15"/><MemPortTyVec>1 3 </MemPortTyVec>
</StgValue>
</port>
<port id="82" name="SVs_l_V_16" dir="0" iftype="1">
<core>RAM</core><StgValue><ssdm name="SVs_l_V_16"/><MemPortTyVec>1 3 </MemPortTyVec>
</StgValue>
</port>
<port id="83" name="SVs_l_V_17" dir="0" iftype="1">
<core>RAM</core><StgValue><ssdm name="SVs_l_V_17"/><MemPortTyVec>1 3 </MemPortTyVec>
</StgValue>
</port>
<port id="84" name="alpha_l_V_0" dir="0" iftype="1">
<core>RAM</core><StgValue><ssdm name="alpha_l_V_0"/><MemPortTyVec>1 3 </MemPortTyVec>
</StgValue>
</port>
<port id="85" name="alpha_l_V_1" dir="0" iftype="1">
<core>RAM</core><StgValue><ssdm name="alpha_l_V_1"/><MemPortTyVec>1 3 </MemPortTyVec>
</StgValue>
</port>
<port id="86" name="alpha_l_V_2" dir="0" iftype="1">
<core>RAM</core><StgValue><ssdm name="alpha_l_V_2"/><MemPortTyVec>1 3 </MemPortTyVec>
</StgValue>
</port>
<port id="87" name="alpha_l_V_3" dir="0" iftype="1">
<core>RAM</core><StgValue><ssdm name="alpha_l_V_3"/><MemPortTyVec>1 3 </MemPortTyVec>
</StgValue>
</port>
<port id="88" name="alpha_l_V_4" dir="0" iftype="1">
<core>RAM</core><StgValue><ssdm name="alpha_l_V_4"/><MemPortTyVec>1 3 </MemPortTyVec>
</StgValue>
</port>
<port id="89" name="alpha_l_V_5" dir="0" iftype="1">
<core>RAM</core><StgValue><ssdm name="alpha_l_V_5"/><MemPortTyVec>1 3 </MemPortTyVec>
</StgValue>
</port>
<port id="90" name="alpha_l_V_6" dir="0" iftype="1">
<core>RAM</core><StgValue><ssdm name="alpha_l_V_6"/><MemPortTyVec>1 3 </MemPortTyVec>
</StgValue>
</port>
<port id="91" name="alpha_l_V_7" dir="0" iftype="1">
<core>RAM</core><StgValue><ssdm name="alpha_l_V_7"/><MemPortTyVec>1 3 </MemPortTyVec>
</StgValue>
</port>
<port id="92" name="alpha_l_V_8" dir="0" iftype="1">
<core>RAM</core><StgValue><ssdm name="alpha_l_V_8"/><MemPortTyVec>1 3 </MemPortTyVec>
</StgValue>
</port>
<port id="93" name="alpha_l_V_9" dir="0" iftype="1">
<core>RAM</core><StgValue><ssdm name="alpha_l_V_9"/><MemPortTyVec>1 3 </MemPortTyVec>
</StgValue>
</port>
<port id="94" name="alpha_l_V_10" dir="0" iftype="1">
<core>RAM</core><StgValue><ssdm name="alpha_l_V_10"/><MemPortTyVec>1 3 </MemPortTyVec>
</StgValue>
</port>
<port id="95" name="alpha_l_V_11" dir="0" iftype="1">
<core>RAM</core><StgValue><ssdm name="alpha_l_V_11"/><MemPortTyVec>1 3 </MemPortTyVec>
</StgValue>
</port>
<port id="96" name="alpha_l_V_12" dir="0" iftype="1">
<core>RAM</core><StgValue><ssdm name="alpha_l_V_12"/><MemPortTyVec>1 3 </MemPortTyVec>
</StgValue>
</port>
<port id="97" name="alpha_l_V_13" dir="0" iftype="1">
<core>RAM</core><StgValue><ssdm name="alpha_l_V_13"/><MemPortTyVec>1 3 </MemPortTyVec>
</StgValue>
</port>
<port id="98" name="alpha_l_V_14" dir="0" iftype="1">
<core>RAM</core><StgValue><ssdm name="alpha_l_V_14"/><MemPortTyVec>1 3 </MemPortTyVec>
</StgValue>
</port>
<port id="99" name="alpha_l_V_15" dir="0" iftype="1">
<core>RAM</core><StgValue><ssdm name="alpha_l_V_15"/><MemPortTyVec>1 3 </MemPortTyVec>
</StgValue>
</port>
<port id="100" name="alpha_l_V_16" dir="0" iftype="1">
<core>RAM</core><StgValue><ssdm name="alpha_l_V_16"/><MemPortTyVec>1 3 </MemPortTyVec>
</StgValue>
</port>
<port id="101" name="alpha_l_V_17" dir="0" iftype="1">
<core>RAM</core><StgValue><ssdm name="alpha_l_V_17"/><MemPortTyVec>1 3 </MemPortTyVec>
</StgValue>
</port>
<port id="102" name="SVs_h_V_0" dir="0" iftype="1">
<core>RAM</core><StgValue><ssdm name="SVs_h_V_0"/><MemPortTyVec>1 3 </MemPortTyVec>
</StgValue>
</port>
<port id="103" name="SVs_h_V_1" dir="0" iftype="1">
<core>RAM</core><StgValue><ssdm name="SVs_h_V_1"/><MemPortTyVec>1 3 </MemPortTyVec>
</StgValue>
</port>
<port id="104" name="SVs_h_V_2" dir="0" iftype="1">
<core>RAM</core><StgValue><ssdm name="SVs_h_V_2"/><MemPortTyVec>1 3 </MemPortTyVec>
</StgValue>
</port>
<port id="105" name="SVs_h_V_3" dir="0" iftype="1">
<core>RAM</core><StgValue><ssdm name="SVs_h_V_3"/><MemPortTyVec>1 3 </MemPortTyVec>
</StgValue>
</port>
<port id="106" name="SVs_h_V_4" dir="0" iftype="1">
<core>RAM</core><StgValue><ssdm name="SVs_h_V_4"/><MemPortTyVec>1 3 </MemPortTyVec>
</StgValue>
</port>
<port id="107" name="SVs_h_V_5" dir="0" iftype="1">
<core>RAM</core><StgValue><ssdm name="SVs_h_V_5"/><MemPortTyVec>1 3 </MemPortTyVec>
</StgValue>
</port>
<port id="108" name="SVs_h_V_6" dir="0" iftype="1">
<core>RAM</core><StgValue><ssdm name="SVs_h_V_6"/><MemPortTyVec>1 3 </MemPortTyVec>
</StgValue>
</port>
<port id="109" name="SVs_h_V_7" dir="0" iftype="1">
<core>RAM</core><StgValue><ssdm name="SVs_h_V_7"/><MemPortTyVec>1 3 </MemPortTyVec>
</StgValue>
</port>
<port id="110" name="SVs_h_V_8" dir="0" iftype="1">
<core>RAM</core><StgValue><ssdm name="SVs_h_V_8"/><MemPortTyVec>1 3 </MemPortTyVec>
</StgValue>
</port>
<port id="111" name="SVs_h_V_9" dir="0" iftype="1">
<core>RAM</core><StgValue><ssdm name="SVs_h_V_9"/><MemPortTyVec>1 3 </MemPortTyVec>
</StgValue>
</port>
<port id="112" name="SVs_h_V_10" dir="0" iftype="1">
<core>RAM</core><StgValue><ssdm name="SVs_h_V_10"/><MemPortTyVec>1 3 </MemPortTyVec>
</StgValue>
</port>
<port id="113" name="SVs_h_V_11" dir="0" iftype="1">
<core>RAM</core><StgValue><ssdm name="SVs_h_V_11"/><MemPortTyVec>1 3 </MemPortTyVec>
</StgValue>
</port>
<port id="114" name="SVs_h_V_12" dir="0" iftype="1">
<core>RAM</core><StgValue><ssdm name="SVs_h_V_12"/><MemPortTyVec>1 3 </MemPortTyVec>
</StgValue>
</port>
<port id="115" name="SVs_h_V_13" dir="0" iftype="1">
<core>RAM</core><StgValue><ssdm name="SVs_h_V_13"/><MemPortTyVec>1 3 </MemPortTyVec>
</StgValue>
</port>
<port id="116" name="SVs_h_V_14" dir="0" iftype="1">
<core>RAM</core><StgValue><ssdm name="SVs_h_V_14"/><MemPortTyVec>1 3 </MemPortTyVec>
</StgValue>
</port>
<port id="117" name="SVs_h_V_15" dir="0" iftype="1">
<core>RAM</core><StgValue><ssdm name="SVs_h_V_15"/><MemPortTyVec>1 3 </MemPortTyVec>
</StgValue>
</port>
<port id="118" name="SVs_h_V_16" dir="0" iftype="1">
<core>RAM</core><StgValue><ssdm name="SVs_h_V_16"/><MemPortTyVec>1 3 </MemPortTyVec>
</StgValue>
</port>
<port id="119" name="SVs_h_V_17" dir="0" iftype="1">
<core>RAM</core><StgValue><ssdm name="SVs_h_V_17"/><MemPortTyVec>1 3 </MemPortTyVec>
</StgValue>
</port>
<port id="120" name="alpha_h_V_0" dir="0" iftype="1">
<core>RAM</core><StgValue><ssdm name="alpha_h_V_0"/><MemPortTyVec>1 3 </MemPortTyVec>
</StgValue>
</port>
<port id="121" name="alpha_h_V_1" dir="0" iftype="1">
<core>RAM</core><StgValue><ssdm name="alpha_h_V_1"/><MemPortTyVec>1 3 </MemPortTyVec>
</StgValue>
</port>
<port id="122" name="alpha_h_V_2" dir="0" iftype="1">
<core>RAM</core><StgValue><ssdm name="alpha_h_V_2"/><MemPortTyVec>1 3 </MemPortTyVec>
</StgValue>
</port>
<port id="123" name="alpha_h_V_3" dir="0" iftype="1">
<core>RAM</core><StgValue><ssdm name="alpha_h_V_3"/><MemPortTyVec>1 3 </MemPortTyVec>
</StgValue>
</port>
<port id="124" name="alpha_h_V_4" dir="0" iftype="1">
<core>RAM</core><StgValue><ssdm name="alpha_h_V_4"/><MemPortTyVec>1 3 </MemPortTyVec>
</StgValue>
</port>
<port id="125" name="alpha_h_V_5" dir="0" iftype="1">
<core>RAM</core><StgValue><ssdm name="alpha_h_V_5"/><MemPortTyVec>1 3 </MemPortTyVec>
</StgValue>
</port>
<port id="126" name="alpha_h_V_6" dir="0" iftype="1">
<core>RAM</core><StgValue><ssdm name="alpha_h_V_6"/><MemPortTyVec>1 3 </MemPortTyVec>
</StgValue>
</port>
<port id="127" name="alpha_h_V_7" dir="0" iftype="1">
<core>RAM</core><StgValue><ssdm name="alpha_h_V_7"/><MemPortTyVec>1 3 </MemPortTyVec>
</StgValue>
</port>
<port id="128" name="alpha_h_V_8" dir="0" iftype="1">
<core>RAM</core><StgValue><ssdm name="alpha_h_V_8"/><MemPortTyVec>1 3 </MemPortTyVec>
</StgValue>
</port>
<port id="129" name="alpha_h_V_9" dir="0" iftype="1">
<core>RAM</core><StgValue><ssdm name="alpha_h_V_9"/><MemPortTyVec>1 3 </MemPortTyVec>
</StgValue>
</port>
<port id="130" name="alpha_h_V_10" dir="0" iftype="1">
<core>RAM</core><StgValue><ssdm name="alpha_h_V_10"/><MemPortTyVec>1 3 </MemPortTyVec>
</StgValue>
</port>
<port id="131" name="alpha_h_V_11" dir="0" iftype="1">
<core>RAM</core><StgValue><ssdm name="alpha_h_V_11"/><MemPortTyVec>1 3 </MemPortTyVec>
</StgValue>
</port>
<port id="132" name="alpha_h_V_12" dir="0" iftype="1">
<core>RAM</core><StgValue><ssdm name="alpha_h_V_12"/><MemPortTyVec>1 3 </MemPortTyVec>
</StgValue>
</port>
<port id="133" name="alpha_h_V_13" dir="0" iftype="1">
<core>RAM</core><StgValue><ssdm name="alpha_h_V_13"/><MemPortTyVec>1 3 </MemPortTyVec>
</StgValue>
</port>
<port id="134" name="alpha_h_V_14" dir="0" iftype="1">
<core>RAM</core><StgValue><ssdm name="alpha_h_V_14"/><MemPortTyVec>1 3 </MemPortTyVec>
</StgValue>
</port>
<port id="135" name="alpha_h_V_15" dir="0" iftype="1">
<core>RAM</core><StgValue><ssdm name="alpha_h_V_15"/><MemPortTyVec>1 3 </MemPortTyVec>
</StgValue>
</port>
<port id="136" name="alpha_h_V_16" dir="0" iftype="1">
<core>RAM</core><StgValue><ssdm name="alpha_h_V_16"/><MemPortTyVec>1 3 </MemPortTyVec>
</StgValue>
</port>
<port id="137" name="alpha_h_V_17" dir="0" iftype="1">
<core>RAM</core><StgValue><ssdm name="alpha_h_V_17"/><MemPortTyVec>1 3 </MemPortTyVec>
</StgValue>
</port>
</ports>


<dataflows>
<dataflow id="139" from="_ssdm_op_Read.s_axilite.i256P" to="in_V_read" fromId="138" toId="6">
</dataflow>
<dataflow id="140" from="in_V" to="in_V_read" fromId="61" toId="6">
</dataflow>
<dataflow id="142" from="_ssdm_op_PartSelect.i13.i256.i32.i32" to="s_in_0_V" fromId="141" toId="7">
</dataflow>
<dataflow id="143" from="in_V_read" to="s_in_0_V" fromId="6" toId="7">
</dataflow>
<dataflow id="145" from="stg_144" to="s_in_0_V" fromId="144" toId="7">
</dataflow>
<dataflow id="147" from="stg_146" to="s_in_0_V" fromId="146" toId="7">
</dataflow>
<dataflow id="148" from="_ssdm_op_PartSelect.i13.i256.i32.i32" to="s_in_1_V" fromId="141" toId="8">
</dataflow>
<dataflow id="149" from="in_V_read" to="s_in_1_V" fromId="6" toId="8">
</dataflow>
<dataflow id="151" from="stg_150" to="s_in_1_V" fromId="150" toId="8">
</dataflow>
<dataflow id="153" from="stg_152" to="s_in_1_V" fromId="152" toId="8">
</dataflow>
<dataflow id="154" from="_ssdm_op_PartSelect.i13.i256.i32.i32" to="s_in_2_V" fromId="141" toId="9">
</dataflow>
<dataflow id="155" from="in_V_read" to="s_in_2_V" fromId="6" toId="9">
</dataflow>
<dataflow id="157" from="stg_156" to="s_in_2_V" fromId="156" toId="9">
</dataflow>
<dataflow id="159" from="stg_158" to="s_in_2_V" fromId="158" toId="9">
</dataflow>
<dataflow id="160" from="_ssdm_op_PartSelect.i13.i256.i32.i32" to="s_in_3_V" fromId="141" toId="10">
</dataflow>
<dataflow id="161" from="in_V_read" to="s_in_3_V" fromId="6" toId="10">
</dataflow>
<dataflow id="163" from="stg_162" to="s_in_3_V" fromId="162" toId="10">
</dataflow>
<dataflow id="165" from="stg_164" to="s_in_3_V" fromId="164" toId="10">
</dataflow>
<dataflow id="166" from="_ssdm_op_PartSelect.i13.i256.i32.i32" to="s_in_4_V" fromId="141" toId="11">
</dataflow>
<dataflow id="167" from="in_V_read" to="s_in_4_V" fromId="6" toId="11">
</dataflow>
<dataflow id="169" from="stg_168" to="s_in_4_V" fromId="168" toId="11">
</dataflow>
<dataflow id="171" from="stg_170" to="s_in_4_V" fromId="170" toId="11">
</dataflow>
<dataflow id="172" from="_ssdm_op_PartSelect.i13.i256.i32.i32" to="s_in_5_V" fromId="141" toId="12">
</dataflow>
<dataflow id="173" from="in_V_read" to="s_in_5_V" fromId="6" toId="12">
</dataflow>
<dataflow id="175" from="stg_174" to="s_in_5_V" fromId="174" toId="12">
</dataflow>
<dataflow id="177" from="stg_176" to="s_in_5_V" fromId="176" toId="12">
</dataflow>
<dataflow id="178" from="_ssdm_op_PartSelect.i13.i256.i32.i32" to="s_in_6_V" fromId="141" toId="13">
</dataflow>
<dataflow id="179" from="in_V_read" to="s_in_6_V" fromId="6" toId="13">
</dataflow>
<dataflow id="181" from="stg_180" to="s_in_6_V" fromId="180" toId="13">
</dataflow>
<dataflow id="183" from="stg_182" to="s_in_6_V" fromId="182" toId="13">
</dataflow>
<dataflow id="184" from="_ssdm_op_PartSelect.i13.i256.i32.i32" to="s_in_7_V" fromId="141" toId="14">
</dataflow>
<dataflow id="185" from="in_V_read" to="s_in_7_V" fromId="6" toId="14">
</dataflow>
<dataflow id="187" from="stg_186" to="s_in_7_V" fromId="186" toId="14">
</dataflow>
<dataflow id="189" from="stg_188" to="s_in_7_V" fromId="188" toId="14">
</dataflow>
<dataflow id="190" from="_ssdm_op_PartSelect.i13.i256.i32.i32" to="s_in_8_V" fromId="141" toId="15">
</dataflow>
<dataflow id="191" from="in_V_read" to="s_in_8_V" fromId="6" toId="15">
</dataflow>
<dataflow id="193" from="stg_192" to="s_in_8_V" fromId="192" toId="15">
</dataflow>
<dataflow id="195" from="stg_194" to="s_in_8_V" fromId="194" toId="15">
</dataflow>
<dataflow id="196" from="_ssdm_op_PartSelect.i13.i256.i32.i32" to="s_in_9_V" fromId="141" toId="16">
</dataflow>
<dataflow id="197" from="in_V_read" to="s_in_9_V" fromId="6" toId="16">
</dataflow>
<dataflow id="199" from="stg_198" to="s_in_9_V" fromId="198" toId="16">
</dataflow>
<dataflow id="201" from="stg_200" to="s_in_9_V" fromId="200" toId="16">
</dataflow>
<dataflow id="202" from="_ssdm_op_PartSelect.i13.i256.i32.i32" to="s_in_10_V" fromId="141" toId="17">
</dataflow>
<dataflow id="203" from="in_V_read" to="s_in_10_V" fromId="6" toId="17">
</dataflow>
<dataflow id="205" from="stg_204" to="s_in_10_V" fromId="204" toId="17">
</dataflow>
<dataflow id="207" from="stg_206" to="s_in_10_V" fromId="206" toId="17">
</dataflow>
<dataflow id="208" from="_ssdm_op_PartSelect.i13.i256.i32.i32" to="s_in_11_V" fromId="141" toId="18">
</dataflow>
<dataflow id="209" from="in_V_read" to="s_in_11_V" fromId="6" toId="18">
</dataflow>
<dataflow id="211" from="stg_210" to="s_in_11_V" fromId="210" toId="18">
</dataflow>
<dataflow id="213" from="stg_212" to="s_in_11_V" fromId="212" toId="18">
</dataflow>
<dataflow id="214" from="_ssdm_op_PartSelect.i13.i256.i32.i32" to="s_in_12_V" fromId="141" toId="19">
</dataflow>
<dataflow id="215" from="in_V_read" to="s_in_12_V" fromId="6" toId="19">
</dataflow>
<dataflow id="217" from="stg_216" to="s_in_12_V" fromId="216" toId="19">
</dataflow>
<dataflow id="219" from="stg_218" to="s_in_12_V" fromId="218" toId="19">
</dataflow>
<dataflow id="220" from="_ssdm_op_PartSelect.i13.i256.i32.i32" to="s_in_13_V" fromId="141" toId="20">
</dataflow>
<dataflow id="221" from="in_V_read" to="s_in_13_V" fromId="6" toId="20">
</dataflow>
<dataflow id="223" from="stg_222" to="s_in_13_V" fromId="222" toId="20">
</dataflow>
<dataflow id="225" from="stg_224" to="s_in_13_V" fromId="224" toId="20">
</dataflow>
<dataflow id="226" from="_ssdm_op_PartSelect.i13.i256.i32.i32" to="s_in_14_V" fromId="141" toId="21">
</dataflow>
<dataflow id="227" from="in_V_read" to="s_in_14_V" fromId="6" toId="21">
</dataflow>
<dataflow id="229" from="stg_228" to="s_in_14_V" fromId="228" toId="21">
</dataflow>
<dataflow id="231" from="stg_230" to="s_in_14_V" fromId="230" toId="21">
</dataflow>
<dataflow id="232" from="_ssdm_op_PartSelect.i13.i256.i32.i32" to="s_in_15_V" fromId="141" toId="22">
</dataflow>
<dataflow id="233" from="in_V_read" to="s_in_15_V" fromId="6" toId="22">
</dataflow>
<dataflow id="235" from="stg_234" to="s_in_15_V" fromId="234" toId="22">
</dataflow>
<dataflow id="237" from="stg_236" to="s_in_15_V" fromId="236" toId="22">
</dataflow>
<dataflow id="239" from="svm_classifier_svm_classifier_process" to="lp_res_V" fromId="238" toId="23">
</dataflow>
<dataflow id="240" from="s_in_0_V" to="lp_res_V" fromId="7" toId="23">
</dataflow>
<dataflow id="241" from="s_in_1_V" to="lp_res_V" fromId="8" toId="23">
</dataflow>
<dataflow id="242" from="s_in_2_V" to="lp_res_V" fromId="9" toId="23">
</dataflow>
<dataflow id="243" from="s_in_3_V" to="lp_res_V" fromId="10" toId="23">
</dataflow>
<dataflow id="244" from="s_in_4_V" to="lp_res_V" fromId="11" toId="23">
</dataflow>
<dataflow id="245" from="s_in_5_V" to="lp_res_V" fromId="12" toId="23">
</dataflow>
<dataflow id="246" from="s_in_6_V" to="lp_res_V" fromId="13" toId="23">
</dataflow>
<dataflow id="247" from="s_in_7_V" to="lp_res_V" fromId="14" toId="23">
</dataflow>
<dataflow id="248" from="s_in_8_V" to="lp_res_V" fromId="15" toId="23">
</dataflow>
<dataflow id="249" from="s_in_9_V" to="lp_res_V" fromId="16" toId="23">
</dataflow>
<dataflow id="250" from="s_in_10_V" to="lp_res_V" fromId="17" toId="23">
</dataflow>
<dataflow id="251" from="s_in_11_V" to="lp_res_V" fromId="18" toId="23">
</dataflow>
<dataflow id="252" from="s_in_12_V" to="lp_res_V" fromId="19" toId="23">
</dataflow>
<dataflow id="253" from="s_in_13_V" to="lp_res_V" fromId="20" toId="23">
</dataflow>
<dataflow id="254" from="s_in_14_V" to="lp_res_V" fromId="21" toId="23">
</dataflow>
<dataflow id="255" from="s_in_15_V" to="lp_res_V" fromId="22" toId="23">
</dataflow>
<dataflow id="256" from="SVs_l_V_0" to="lp_res_V" fromId="66" toId="23">
</dataflow>
<dataflow id="257" from="SVs_l_V_1" to="lp_res_V" fromId="67" toId="23">
</dataflow>
<dataflow id="258" from="SVs_l_V_2" to="lp_res_V" fromId="68" toId="23">
</dataflow>
<dataflow id="259" from="SVs_l_V_3" to="lp_res_V" fromId="69" toId="23">
</dataflow>
<dataflow id="260" from="SVs_l_V_4" to="lp_res_V" fromId="70" toId="23">
</dataflow>
<dataflow id="261" from="SVs_l_V_5" to="lp_res_V" fromId="71" toId="23">
</dataflow>
<dataflow id="262" from="SVs_l_V_6" to="lp_res_V" fromId="72" toId="23">
</dataflow>
<dataflow id="263" from="SVs_l_V_7" to="lp_res_V" fromId="73" toId="23">
</dataflow>
<dataflow id="264" from="SVs_l_V_8" to="lp_res_V" fromId="74" toId="23">
</dataflow>
<dataflow id="265" from="SVs_l_V_9" to="lp_res_V" fromId="75" toId="23">
</dataflow>
<dataflow id="266" from="SVs_l_V_10" to="lp_res_V" fromId="76" toId="23">
</dataflow>
<dataflow id="267" from="SVs_l_V_11" to="lp_res_V" fromId="77" toId="23">
</dataflow>
<dataflow id="268" from="SVs_l_V_12" to="lp_res_V" fromId="78" toId="23">
</dataflow>
<dataflow id="269" from="SVs_l_V_13" to="lp_res_V" fromId="79" toId="23">
</dataflow>
<dataflow id="270" from="SVs_l_V_14" to="lp_res_V" fromId="80" toId="23">
</dataflow>
<dataflow id="271" from="SVs_l_V_15" to="lp_res_V" fromId="81" toId="23">
</dataflow>
<dataflow id="272" from="SVs_l_V_16" to="lp_res_V" fromId="82" toId="23">
</dataflow>
<dataflow id="273" from="SVs_l_V_17" to="lp_res_V" fromId="83" toId="23">
</dataflow>
<dataflow id="274" from="alpha_l_V_0" to="lp_res_V" fromId="84" toId="23">
</dataflow>
<dataflow id="275" from="alpha_l_V_1" to="lp_res_V" fromId="85" toId="23">
</dataflow>
<dataflow id="276" from="alpha_l_V_2" to="lp_res_V" fromId="86" toId="23">
</dataflow>
<dataflow id="277" from="alpha_l_V_3" to="lp_res_V" fromId="87" toId="23">
</dataflow>
<dataflow id="278" from="alpha_l_V_4" to="lp_res_V" fromId="88" toId="23">
</dataflow>
<dataflow id="279" from="alpha_l_V_5" to="lp_res_V" fromId="89" toId="23">
</dataflow>
<dataflow id="280" from="alpha_l_V_6" to="lp_res_V" fromId="90" toId="23">
</dataflow>
<dataflow id="281" from="alpha_l_V_7" to="lp_res_V" fromId="91" toId="23">
</dataflow>
<dataflow id="282" from="alpha_l_V_8" to="lp_res_V" fromId="92" toId="23">
</dataflow>
<dataflow id="283" from="alpha_l_V_9" to="lp_res_V" fromId="93" toId="23">
</dataflow>
<dataflow id="284" from="alpha_l_V_10" to="lp_res_V" fromId="94" toId="23">
</dataflow>
<dataflow id="285" from="alpha_l_V_11" to="lp_res_V" fromId="95" toId="23">
</dataflow>
<dataflow id="286" from="alpha_l_V_12" to="lp_res_V" fromId="96" toId="23">
</dataflow>
<dataflow id="287" from="alpha_l_V_13" to="lp_res_V" fromId="97" toId="23">
</dataflow>
<dataflow id="288" from="alpha_l_V_14" to="lp_res_V" fromId="98" toId="23">
</dataflow>
<dataflow id="289" from="alpha_l_V_15" to="lp_res_V" fromId="99" toId="23">
</dataflow>
<dataflow id="290" from="alpha_l_V_16" to="lp_res_V" fromId="100" toId="23">
</dataflow>
<dataflow id="291" from="alpha_l_V_17" to="lp_res_V" fromId="101" toId="23">
</dataflow>
<dataflow id="292" from="sinh_lut_V" to="lp_res_V" fromId="64" toId="23">
</dataflow>
<dataflow id="293" from="cosh_lut_V" to="lp_res_V" fromId="65" toId="23">
</dataflow>
<dataflow id="294" from="svm_classifier_svm_classifier_process" to="lp_res_V" fromId="238" toId="24">
</dataflow>
<dataflow id="295" from="s_in_0_V" to="lp_res_V" fromId="7" toId="24">
</dataflow>
<dataflow id="296" from="s_in_1_V" to="lp_res_V" fromId="8" toId="24">
</dataflow>
<dataflow id="297" from="s_in_2_V" to="lp_res_V" fromId="9" toId="24">
</dataflow>
<dataflow id="298" from="s_in_3_V" to="lp_res_V" fromId="10" toId="24">
</dataflow>
<dataflow id="299" from="s_in_4_V" to="lp_res_V" fromId="11" toId="24">
</dataflow>
<dataflow id="300" from="s_in_5_V" to="lp_res_V" fromId="12" toId="24">
</dataflow>
<dataflow id="301" from="s_in_6_V" to="lp_res_V" fromId="13" toId="24">
</dataflow>
<dataflow id="302" from="s_in_7_V" to="lp_res_V" fromId="14" toId="24">
</dataflow>
<dataflow id="303" from="s_in_8_V" to="lp_res_V" fromId="15" toId="24">
</dataflow>
<dataflow id="304" from="s_in_9_V" to="lp_res_V" fromId="16" toId="24">
</dataflow>
<dataflow id="305" from="s_in_10_V" to="lp_res_V" fromId="17" toId="24">
</dataflow>
<dataflow id="306" from="s_in_11_V" to="lp_res_V" fromId="18" toId="24">
</dataflow>
<dataflow id="307" from="s_in_12_V" to="lp_res_V" fromId="19" toId="24">
</dataflow>
<dataflow id="308" from="s_in_13_V" to="lp_res_V" fromId="20" toId="24">
</dataflow>
<dataflow id="309" from="s_in_14_V" to="lp_res_V" fromId="21" toId="24">
</dataflow>
<dataflow id="310" from="s_in_15_V" to="lp_res_V" fromId="22" toId="24">
</dataflow>
<dataflow id="311" from="SVs_l_V_0" to="lp_res_V" fromId="66" toId="24">
</dataflow>
<dataflow id="312" from="SVs_l_V_1" to="lp_res_V" fromId="67" toId="24">
</dataflow>
<dataflow id="313" from="SVs_l_V_2" to="lp_res_V" fromId="68" toId="24">
</dataflow>
<dataflow id="314" from="SVs_l_V_3" to="lp_res_V" fromId="69" toId="24">
</dataflow>
<dataflow id="315" from="SVs_l_V_4" to="lp_res_V" fromId="70" toId="24">
</dataflow>
<dataflow id="316" from="SVs_l_V_5" to="lp_res_V" fromId="71" toId="24">
</dataflow>
<dataflow id="317" from="SVs_l_V_6" to="lp_res_V" fromId="72" toId="24">
</dataflow>
<dataflow id="318" from="SVs_l_V_7" to="lp_res_V" fromId="73" toId="24">
</dataflow>
<dataflow id="319" from="SVs_l_V_8" to="lp_res_V" fromId="74" toId="24">
</dataflow>
<dataflow id="320" from="SVs_l_V_9" to="lp_res_V" fromId="75" toId="24">
</dataflow>
<dataflow id="321" from="SVs_l_V_10" to="lp_res_V" fromId="76" toId="24">
</dataflow>
<dataflow id="322" from="SVs_l_V_11" to="lp_res_V" fromId="77" toId="24">
</dataflow>
<dataflow id="323" from="SVs_l_V_12" to="lp_res_V" fromId="78" toId="24">
</dataflow>
<dataflow id="324" from="SVs_l_V_13" to="lp_res_V" fromId="79" toId="24">
</dataflow>
<dataflow id="325" from="SVs_l_V_14" to="lp_res_V" fromId="80" toId="24">
</dataflow>
<dataflow id="326" from="SVs_l_V_15" to="lp_res_V" fromId="81" toId="24">
</dataflow>
<dataflow id="327" from="SVs_l_V_16" to="lp_res_V" fromId="82" toId="24">
</dataflow>
<dataflow id="328" from="SVs_l_V_17" to="lp_res_V" fromId="83" toId="24">
</dataflow>
<dataflow id="329" from="alpha_l_V_0" to="lp_res_V" fromId="84" toId="24">
</dataflow>
<dataflow id="330" from="alpha_l_V_1" to="lp_res_V" fromId="85" toId="24">
</dataflow>
<dataflow id="331" from="alpha_l_V_2" to="lp_res_V" fromId="86" toId="24">
</dataflow>
<dataflow id="332" from="alpha_l_V_3" to="lp_res_V" fromId="87" toId="24">
</dataflow>
<dataflow id="333" from="alpha_l_V_4" to="lp_res_V" fromId="88" toId="24">
</dataflow>
<dataflow id="334" from="alpha_l_V_5" to="lp_res_V" fromId="89" toId="24">
</dataflow>
<dataflow id="335" from="alpha_l_V_6" to="lp_res_V" fromId="90" toId="24">
</dataflow>
<dataflow id="336" from="alpha_l_V_7" to="lp_res_V" fromId="91" toId="24">
</dataflow>
<dataflow id="337" from="alpha_l_V_8" to="lp_res_V" fromId="92" toId="24">
</dataflow>
<dataflow id="338" from="alpha_l_V_9" to="lp_res_V" fromId="93" toId="24">
</dataflow>
<dataflow id="339" from="alpha_l_V_10" to="lp_res_V" fromId="94" toId="24">
</dataflow>
<dataflow id="340" from="alpha_l_V_11" to="lp_res_V" fromId="95" toId="24">
</dataflow>
<dataflow id="341" from="alpha_l_V_12" to="lp_res_V" fromId="96" toId="24">
</dataflow>
<dataflow id="342" from="alpha_l_V_13" to="lp_res_V" fromId="97" toId="24">
</dataflow>
<dataflow id="343" from="alpha_l_V_14" to="lp_res_V" fromId="98" toId="24">
</dataflow>
<dataflow id="344" from="alpha_l_V_15" to="lp_res_V" fromId="99" toId="24">
</dataflow>
<dataflow id="345" from="alpha_l_V_16" to="lp_res_V" fromId="100" toId="24">
</dataflow>
<dataflow id="346" from="alpha_l_V_17" to="lp_res_V" fromId="101" toId="24">
</dataflow>
<dataflow id="347" from="sinh_lut_V" to="lp_res_V" fromId="64" toId="24">
</dataflow>
<dataflow id="348" from="cosh_lut_V" to="lp_res_V" fromId="65" toId="24">
</dataflow>
<dataflow id="350" from="_ssdm_op_SpecBitsMap" to="stg_25" fromId="349" toId="25">
</dataflow>
<dataflow id="351" from="in_V" to="stg_25" fromId="61" toId="25">
</dataflow>
<dataflow id="352" from="_ssdm_op_SpecBitsMap" to="stg_26" fromId="349" toId="26">
</dataflow>
<dataflow id="353" from="lp_count" to="stg_26" fromId="62" toId="26">
</dataflow>
<dataflow id="354" from="_ssdm_op_SpecBitsMap" to="stg_27" fromId="349" toId="27">
</dataflow>
<dataflow id="355" from="hp_count" to="stg_27" fromId="63" toId="27">
</dataflow>
<dataflow id="356" from="_ssdm_op_SpecBitsMap" to="stg_28" fromId="349" toId="28">
</dataflow>
<dataflow id="358" from="stg_357" to="stg_28" fromId="357" toId="28">
</dataflow>
<dataflow id="360" from="_ssdm_op_SpecTopModule" to="stg_29" fromId="359" toId="29">
</dataflow>
<dataflow id="362" from="svm_classifier_str" to="stg_29" fromId="361" toId="29">
</dataflow>
<dataflow id="364" from="_ssdm_op_SpecInterface" to="stg_30" fromId="363" toId="30">
</dataflow>
<dataflow id="365" from="lp_count" to="stg_30" fromId="62" toId="30">
</dataflow>
<dataflow id="367" from="p_str15" to="stg_30" fromId="366" toId="30">
</dataflow>
<dataflow id="369" from="stg_368" to="stg_30" fromId="368" toId="30">
</dataflow>
<dataflow id="370" from="stg_368" to="stg_30" fromId="368" toId="30">
</dataflow>
<dataflow id="371" from="stg_368" to="stg_30" fromId="368" toId="30">
</dataflow>
<dataflow id="372" from="stg_368" to="stg_30" fromId="368" toId="30">
</dataflow>
<dataflow id="374" from="p_str916" to="stg_30" fromId="373" toId="30">
</dataflow>
<dataflow id="375" from="p_str916" to="stg_30" fromId="373" toId="30">
</dataflow>
<dataflow id="376" from="p_str916" to="stg_30" fromId="373" toId="30">
</dataflow>
<dataflow id="377" from="stg_368" to="stg_30" fromId="368" toId="30">
</dataflow>
<dataflow id="378" from="stg_368" to="stg_30" fromId="368" toId="30">
</dataflow>
<dataflow id="379" from="stg_368" to="stg_30" fromId="368" toId="30">
</dataflow>
<dataflow id="380" from="stg_368" to="stg_30" fromId="368" toId="30">
</dataflow>
<dataflow id="381" from="p_str916" to="stg_30" fromId="373" toId="30">
</dataflow>
<dataflow id="382" from="_ssdm_op_SpecInterface" to="stg_31" fromId="363" toId="31">
</dataflow>
<dataflow id="383" from="stg_368" to="stg_31" fromId="368" toId="31">
</dataflow>
<dataflow id="384" from="p_str15" to="stg_31" fromId="366" toId="31">
</dataflow>
<dataflow id="385" from="stg_368" to="stg_31" fromId="368" toId="31">
</dataflow>
<dataflow id="386" from="stg_368" to="stg_31" fromId="368" toId="31">
</dataflow>
<dataflow id="387" from="stg_368" to="stg_31" fromId="368" toId="31">
</dataflow>
<dataflow id="388" from="stg_368" to="stg_31" fromId="368" toId="31">
</dataflow>
<dataflow id="389" from="p_str916" to="stg_31" fromId="373" toId="31">
</dataflow>
<dataflow id="390" from="p_str916" to="stg_31" fromId="373" toId="31">
</dataflow>
<dataflow id="391" from="p_str916" to="stg_31" fromId="373" toId="31">
</dataflow>
<dataflow id="392" from="stg_368" to="stg_31" fromId="368" toId="31">
</dataflow>
<dataflow id="393" from="stg_368" to="stg_31" fromId="368" toId="31">
</dataflow>
<dataflow id="394" from="stg_368" to="stg_31" fromId="368" toId="31">
</dataflow>
<dataflow id="395" from="stg_368" to="stg_31" fromId="368" toId="31">
</dataflow>
<dataflow id="396" from="p_str916" to="stg_31" fromId="373" toId="31">
</dataflow>
<dataflow id="397" from="_ssdm_op_SpecInterface" to="stg_32" fromId="363" toId="32">
</dataflow>
<dataflow id="398" from="in_V" to="stg_32" fromId="61" toId="32">
</dataflow>
<dataflow id="399" from="p_str15" to="stg_32" fromId="366" toId="32">
</dataflow>
<dataflow id="400" from="stg_368" to="stg_32" fromId="368" toId="32">
</dataflow>
<dataflow id="401" from="stg_368" to="stg_32" fromId="368" toId="32">
</dataflow>
<dataflow id="402" from="stg_368" to="stg_32" fromId="368" toId="32">
</dataflow>
<dataflow id="403" from="stg_368" to="stg_32" fromId="368" toId="32">
</dataflow>
<dataflow id="404" from="p_str916" to="stg_32" fromId="373" toId="32">
</dataflow>
<dataflow id="405" from="p_str916" to="stg_32" fromId="373" toId="32">
</dataflow>
<dataflow id="406" from="p_str916" to="stg_32" fromId="373" toId="32">
</dataflow>
<dataflow id="407" from="stg_368" to="stg_32" fromId="368" toId="32">
</dataflow>
<dataflow id="408" from="stg_368" to="stg_32" fromId="368" toId="32">
</dataflow>
<dataflow id="409" from="stg_368" to="stg_32" fromId="368" toId="32">
</dataflow>
<dataflow id="410" from="stg_368" to="stg_32" fromId="368" toId="32">
</dataflow>
<dataflow id="411" from="p_str916" to="stg_32" fromId="373" toId="32">
</dataflow>
<dataflow id="412" from="lp_res_V" to="tmp_15" fromId="24" toId="33">
</dataflow>
<dataflow id="413" from="tmp_15" to="r_V" fromId="33" toId="34">
</dataflow>
<dataflow id="415" from="stg_414" to="r_V" fromId="414" toId="34">
</dataflow>
<dataflow id="416" from="r_V" to="tmp_16" fromId="34" toId="35">
</dataflow>
<dataflow id="418" from="stg_417" to="tmp_16" fromId="417" toId="35">
</dataflow>
<dataflow id="419" from="r_V" to="tmp_17" fromId="34" toId="36">
</dataflow>
<dataflow id="421" from="stg_420" to="tmp_17" fromId="420" toId="36">
</dataflow>
<dataflow id="422" from="tmp_16" to="or_cond" fromId="35" toId="37">
</dataflow>
<dataflow id="423" from="tmp_17" to="or_cond" fromId="36" toId="37">
</dataflow>
<dataflow id="424" from="or_cond" to="stg_38" fromId="37" toId="38">
</dataflow>
<dataflow id="426" from="_ssdm_op_BitSelect.i1.i19.i32" to="out_1" fromId="425" toId="39">
</dataflow>
<dataflow id="427" from="r_V" to="out_1" fromId="34" toId="39">
</dataflow>
<dataflow id="429" from="stg_428" to="out_1" fromId="428" toId="39">
</dataflow>
<dataflow id="431" from="_ssdm_op_Write.s_axilite.i32P" to="stg_40" fromId="430" toId="40">
</dataflow>
<dataflow id="432" from="lp_count" to="stg_40" fromId="62" toId="40">
</dataflow>
<dataflow id="434" from="stg_433" to="stg_40" fromId="433" toId="40">
</dataflow>
<dataflow id="436" from="_ssdm_op_Write.ap_auto.i32P" to="stg_41" fromId="435" toId="41">
</dataflow>
<dataflow id="437" from="hp_count" to="stg_41" fromId="63" toId="41">
</dataflow>
<dataflow id="438" from="stg_368" to="stg_41" fromId="368" toId="41">
</dataflow>
<dataflow id="439" from="svm_classifier_svm_classifier_process" to="hp_res_V" fromId="238" toId="43">
</dataflow>
<dataflow id="440" from="s_in_0_V" to="hp_res_V" fromId="7" toId="43">
</dataflow>
<dataflow id="441" from="s_in_1_V" to="hp_res_V" fromId="8" toId="43">
</dataflow>
<dataflow id="442" from="s_in_2_V" to="hp_res_V" fromId="9" toId="43">
</dataflow>
<dataflow id="443" from="s_in_3_V" to="hp_res_V" fromId="10" toId="43">
</dataflow>
<dataflow id="444" from="s_in_4_V" to="hp_res_V" fromId="11" toId="43">
</dataflow>
<dataflow id="445" from="s_in_5_V" to="hp_res_V" fromId="12" toId="43">
</dataflow>
<dataflow id="446" from="s_in_6_V" to="hp_res_V" fromId="13" toId="43">
</dataflow>
<dataflow id="447" from="s_in_7_V" to="hp_res_V" fromId="14" toId="43">
</dataflow>
<dataflow id="448" from="s_in_8_V" to="hp_res_V" fromId="15" toId="43">
</dataflow>
<dataflow id="449" from="s_in_9_V" to="hp_res_V" fromId="16" toId="43">
</dataflow>
<dataflow id="450" from="s_in_10_V" to="hp_res_V" fromId="17" toId="43">
</dataflow>
<dataflow id="451" from="s_in_11_V" to="hp_res_V" fromId="18" toId="43">
</dataflow>
<dataflow id="452" from="s_in_12_V" to="hp_res_V" fromId="19" toId="43">
</dataflow>
<dataflow id="453" from="s_in_13_V" to="hp_res_V" fromId="20" toId="43">
</dataflow>
<dataflow id="454" from="s_in_14_V" to="hp_res_V" fromId="21" toId="43">
</dataflow>
<dataflow id="455" from="s_in_15_V" to="hp_res_V" fromId="22" toId="43">
</dataflow>
<dataflow id="456" from="SVs_h_V_0" to="hp_res_V" fromId="102" toId="43">
</dataflow>
<dataflow id="457" from="SVs_h_V_1" to="hp_res_V" fromId="103" toId="43">
</dataflow>
<dataflow id="458" from="SVs_h_V_2" to="hp_res_V" fromId="104" toId="43">
</dataflow>
<dataflow id="459" from="SVs_h_V_3" to="hp_res_V" fromId="105" toId="43">
</dataflow>
<dataflow id="460" from="SVs_h_V_4" to="hp_res_V" fromId="106" toId="43">
</dataflow>
<dataflow id="461" from="SVs_h_V_5" to="hp_res_V" fromId="107" toId="43">
</dataflow>
<dataflow id="462" from="SVs_h_V_6" to="hp_res_V" fromId="108" toId="43">
</dataflow>
<dataflow id="463" from="SVs_h_V_7" to="hp_res_V" fromId="109" toId="43">
</dataflow>
<dataflow id="464" from="SVs_h_V_8" to="hp_res_V" fromId="110" toId="43">
</dataflow>
<dataflow id="465" from="SVs_h_V_9" to="hp_res_V" fromId="111" toId="43">
</dataflow>
<dataflow id="466" from="SVs_h_V_10" to="hp_res_V" fromId="112" toId="43">
</dataflow>
<dataflow id="467" from="SVs_h_V_11" to="hp_res_V" fromId="113" toId="43">
</dataflow>
<dataflow id="468" from="SVs_h_V_12" to="hp_res_V" fromId="114" toId="43">
</dataflow>
<dataflow id="469" from="SVs_h_V_13" to="hp_res_V" fromId="115" toId="43">
</dataflow>
<dataflow id="470" from="SVs_h_V_14" to="hp_res_V" fromId="116" toId="43">
</dataflow>
<dataflow id="471" from="SVs_h_V_15" to="hp_res_V" fromId="117" toId="43">
</dataflow>
<dataflow id="472" from="SVs_h_V_16" to="hp_res_V" fromId="118" toId="43">
</dataflow>
<dataflow id="473" from="SVs_h_V_17" to="hp_res_V" fromId="119" toId="43">
</dataflow>
<dataflow id="474" from="alpha_h_V_0" to="hp_res_V" fromId="120" toId="43">
</dataflow>
<dataflow id="475" from="alpha_h_V_1" to="hp_res_V" fromId="121" toId="43">
</dataflow>
<dataflow id="476" from="alpha_h_V_2" to="hp_res_V" fromId="122" toId="43">
</dataflow>
<dataflow id="477" from="alpha_h_V_3" to="hp_res_V" fromId="123" toId="43">
</dataflow>
<dataflow id="478" from="alpha_h_V_4" to="hp_res_V" fromId="124" toId="43">
</dataflow>
<dataflow id="479" from="alpha_h_V_5" to="hp_res_V" fromId="125" toId="43">
</dataflow>
<dataflow id="480" from="alpha_h_V_6" to="hp_res_V" fromId="126" toId="43">
</dataflow>
<dataflow id="481" from="alpha_h_V_7" to="hp_res_V" fromId="127" toId="43">
</dataflow>
<dataflow id="482" from="alpha_h_V_8" to="hp_res_V" fromId="128" toId="43">
</dataflow>
<dataflow id="483" from="alpha_h_V_9" to="hp_res_V" fromId="129" toId="43">
</dataflow>
<dataflow id="484" from="alpha_h_V_10" to="hp_res_V" fromId="130" toId="43">
</dataflow>
<dataflow id="485" from="alpha_h_V_11" to="hp_res_V" fromId="131" toId="43">
</dataflow>
<dataflow id="486" from="alpha_h_V_12" to="hp_res_V" fromId="132" toId="43">
</dataflow>
<dataflow id="487" from="alpha_h_V_13" to="hp_res_V" fromId="133" toId="43">
</dataflow>
<dataflow id="488" from="alpha_h_V_14" to="hp_res_V" fromId="134" toId="43">
</dataflow>
<dataflow id="489" from="alpha_h_V_15" to="hp_res_V" fromId="135" toId="43">
</dataflow>
<dataflow id="490" from="alpha_h_V_16" to="hp_res_V" fromId="136" toId="43">
</dataflow>
<dataflow id="491" from="alpha_h_V_17" to="hp_res_V" fromId="137" toId="43">
</dataflow>
<dataflow id="492" from="sinh_lut_V" to="hp_res_V" fromId="64" toId="43">
</dataflow>
<dataflow id="493" from="cosh_lut_V" to="hp_res_V" fromId="65" toId="43">
</dataflow>
<dataflow id="494" from="svm_classifier_svm_classifier_process" to="hp_res_V" fromId="238" toId="44">
</dataflow>
<dataflow id="495" from="s_in_0_V" to="hp_res_V" fromId="7" toId="44">
</dataflow>
<dataflow id="496" from="s_in_1_V" to="hp_res_V" fromId="8" toId="44">
</dataflow>
<dataflow id="497" from="s_in_2_V" to="hp_res_V" fromId="9" toId="44">
</dataflow>
<dataflow id="498" from="s_in_3_V" to="hp_res_V" fromId="10" toId="44">
</dataflow>
<dataflow id="499" from="s_in_4_V" to="hp_res_V" fromId="11" toId="44">
</dataflow>
<dataflow id="500" from="s_in_5_V" to="hp_res_V" fromId="12" toId="44">
</dataflow>
<dataflow id="501" from="s_in_6_V" to="hp_res_V" fromId="13" toId="44">
</dataflow>
<dataflow id="502" from="s_in_7_V" to="hp_res_V" fromId="14" toId="44">
</dataflow>
<dataflow id="503" from="s_in_8_V" to="hp_res_V" fromId="15" toId="44">
</dataflow>
<dataflow id="504" from="s_in_9_V" to="hp_res_V" fromId="16" toId="44">
</dataflow>
<dataflow id="505" from="s_in_10_V" to="hp_res_V" fromId="17" toId="44">
</dataflow>
<dataflow id="506" from="s_in_11_V" to="hp_res_V" fromId="18" toId="44">
</dataflow>
<dataflow id="507" from="s_in_12_V" to="hp_res_V" fromId="19" toId="44">
</dataflow>
<dataflow id="508" from="s_in_13_V" to="hp_res_V" fromId="20" toId="44">
</dataflow>
<dataflow id="509" from="s_in_14_V" to="hp_res_V" fromId="21" toId="44">
</dataflow>
<dataflow id="510" from="s_in_15_V" to="hp_res_V" fromId="22" toId="44">
</dataflow>
<dataflow id="511" from="SVs_h_V_0" to="hp_res_V" fromId="102" toId="44">
</dataflow>
<dataflow id="512" from="SVs_h_V_1" to="hp_res_V" fromId="103" toId="44">
</dataflow>
<dataflow id="513" from="SVs_h_V_2" to="hp_res_V" fromId="104" toId="44">
</dataflow>
<dataflow id="514" from="SVs_h_V_3" to="hp_res_V" fromId="105" toId="44">
</dataflow>
<dataflow id="515" from="SVs_h_V_4" to="hp_res_V" fromId="106" toId="44">
</dataflow>
<dataflow id="516" from="SVs_h_V_5" to="hp_res_V" fromId="107" toId="44">
</dataflow>
<dataflow id="517" from="SVs_h_V_6" to="hp_res_V" fromId="108" toId="44">
</dataflow>
<dataflow id="518" from="SVs_h_V_7" to="hp_res_V" fromId="109" toId="44">
</dataflow>
<dataflow id="519" from="SVs_h_V_8" to="hp_res_V" fromId="110" toId="44">
</dataflow>
<dataflow id="520" from="SVs_h_V_9" to="hp_res_V" fromId="111" toId="44">
</dataflow>
<dataflow id="521" from="SVs_h_V_10" to="hp_res_V" fromId="112" toId="44">
</dataflow>
<dataflow id="522" from="SVs_h_V_11" to="hp_res_V" fromId="113" toId="44">
</dataflow>
<dataflow id="523" from="SVs_h_V_12" to="hp_res_V" fromId="114" toId="44">
</dataflow>
<dataflow id="524" from="SVs_h_V_13" to="hp_res_V" fromId="115" toId="44">
</dataflow>
<dataflow id="525" from="SVs_h_V_14" to="hp_res_V" fromId="116" toId="44">
</dataflow>
<dataflow id="526" from="SVs_h_V_15" to="hp_res_V" fromId="117" toId="44">
</dataflow>
<dataflow id="527" from="SVs_h_V_16" to="hp_res_V" fromId="118" toId="44">
</dataflow>
<dataflow id="528" from="SVs_h_V_17" to="hp_res_V" fromId="119" toId="44">
</dataflow>
<dataflow id="529" from="alpha_h_V_0" to="hp_res_V" fromId="120" toId="44">
</dataflow>
<dataflow id="530" from="alpha_h_V_1" to="hp_res_V" fromId="121" toId="44">
</dataflow>
<dataflow id="531" from="alpha_h_V_2" to="hp_res_V" fromId="122" toId="44">
</dataflow>
<dataflow id="532" from="alpha_h_V_3" to="hp_res_V" fromId="123" toId="44">
</dataflow>
<dataflow id="533" from="alpha_h_V_4" to="hp_res_V" fromId="124" toId="44">
</dataflow>
<dataflow id="534" from="alpha_h_V_5" to="hp_res_V" fromId="125" toId="44">
</dataflow>
<dataflow id="535" from="alpha_h_V_6" to="hp_res_V" fromId="126" toId="44">
</dataflow>
<dataflow id="536" from="alpha_h_V_7" to="hp_res_V" fromId="127" toId="44">
</dataflow>
<dataflow id="537" from="alpha_h_V_8" to="hp_res_V" fromId="128" toId="44">
</dataflow>
<dataflow id="538" from="alpha_h_V_9" to="hp_res_V" fromId="129" toId="44">
</dataflow>
<dataflow id="539" from="alpha_h_V_10" to="hp_res_V" fromId="130" toId="44">
</dataflow>
<dataflow id="540" from="alpha_h_V_11" to="hp_res_V" fromId="131" toId="44">
</dataflow>
<dataflow id="541" from="alpha_h_V_12" to="hp_res_V" fromId="132" toId="44">
</dataflow>
<dataflow id="542" from="alpha_h_V_13" to="hp_res_V" fromId="133" toId="44">
</dataflow>
<dataflow id="543" from="alpha_h_V_14" to="hp_res_V" fromId="134" toId="44">
</dataflow>
<dataflow id="544" from="alpha_h_V_15" to="hp_res_V" fromId="135" toId="44">
</dataflow>
<dataflow id="545" from="alpha_h_V_16" to="hp_res_V" fromId="136" toId="44">
</dataflow>
<dataflow id="546" from="alpha_h_V_17" to="hp_res_V" fromId="137" toId="44">
</dataflow>
<dataflow id="547" from="sinh_lut_V" to="hp_res_V" fromId="64" toId="44">
</dataflow>
<dataflow id="548" from="cosh_lut_V" to="hp_res_V" fromId="65" toId="44">
</dataflow>
<dataflow id="549" from="hp_res_V" to="tmp_18" fromId="44" toId="45">
</dataflow>
<dataflow id="550" from="tmp_18" to="p_Val2_2" fromId="45" toId="46">
</dataflow>
<dataflow id="551" from="tmp_15" to="p_Val2_2" fromId="33" toId="46">
</dataflow>
<dataflow id="552" from="p_Val2_2" to="tmp_19" fromId="46" toId="47">
</dataflow>
<dataflow id="553" from="tmp_19" to="r_V_1" fromId="47" toId="48">
</dataflow>
<dataflow id="555" from="stg_554" to="r_V_1" fromId="554" toId="48">
</dataflow>
<dataflow id="557" from="_ssdm_op_BitSelect.i1.i20.i32" to="out" fromId="556" toId="49">
</dataflow>
<dataflow id="558" from="r_V_1" to="out" fromId="48" toId="49">
</dataflow>
<dataflow id="559" from="stg_150" to="out" fromId="150" toId="49">
</dataflow>
<dataflow id="560" from="_ssdm_op_Write.ap_auto.i32P" to="stg_50" fromId="435" toId="50">
</dataflow>
<dataflow id="561" from="hp_count" to="stg_50" fromId="63" toId="50">
</dataflow>
<dataflow id="562" from="stg_433" to="stg_50" fromId="433" toId="50">
</dataflow>
<dataflow id="563" from="_ssdm_op_Write.s_axilite.i32P" to="stg_51" fromId="430" toId="51">
</dataflow>
<dataflow id="564" from="lp_count" to="stg_51" fromId="62" toId="51">
</dataflow>
<dataflow id="565" from="stg_368" to="stg_51" fromId="368" toId="51">
</dataflow>
<dataflow id="566" from="out_1" to="out2" fromId="39" toId="53">
<condition id="23">
<or_exp><and_exp><literal name="or_cond" val="0"/>
</and_exp></or_exp>
</condition>
</dataflow>
<dataflow id="567" from="stg_42" to="out2" fromId="42" toId="53">
</dataflow>
<dataflow id="568" from="out" to="out2" fromId="49" toId="53">
<condition id="24">
<or_exp><and_exp><literal name="or_cond" val="1"/>
</and_exp></or_exp>
</condition>
</dataflow>
<dataflow id="569" from="stg_52" to="out2" fromId="52" toId="53">
</dataflow>
<dataflow id="570" from="out2" to="stg_54" fromId="53" toId="54">
</dataflow>
<dataflow id="571" from="or_cond" to="stg_3" fromId="37" toId="3">
</dataflow>
<dataflow id="572" from="or_cond" to="stg_5" fromId="37" toId="5">
</dataflow>
</dataflows>


</stg>
