<profile>

<section name = "Vivado HLS Report for 'svm_classifier_svm_classifier_process'" level="0">
<item name = "Date">Thu Mar 22 11:46:12 2018
</item>
<item name = "Version">2016.2 (Build 1577090 on Thu Jun 02 16:59:10 MDT 2016)</item>
<item name = "Project">svm_classifier_cascade_prj</item>
<item name = "Solution">solution1</item>
<item name = "Product family">zynq</item>
<item name = "Target device">xc7z020clg484-1</item>
</section>

<section name = "Performance Estimates" level="0">
<item name = "Timing (ns)">
<section name = "" level="1">
<item name = "Summary"><table name="" hasTotal="0">
<keys size="4">Clock, Target, Estimated, Uncertainty</keys>
<column name="ap_clk">10.00, 8.61, 1.25</column>
</table>
</item>
</section>
</item>
<item name = "Latency (clock cycles)">
<section name = "" level="1">
<item name = "Summary"><table name="" hasTotal="0">
<keys size="6">, min, max, min, max, Type</keys>
<column name="">58, 58, 58, 58, none</column>
</table>
</item>
<item name = "Detail">
<section name = "" level="1">
<item name = "Instance"><table name="" hasTotal="0">
<keys size="7">Instance, Module, min, max, min, max, Type</keys>
</table>
</item>
<item name = "Loop"><table name="" hasTotal="0">
<keys size="8">Loop Name, min, max, Latency, achieved, target, Count, Pipelined</keys>
<column name="- Sum_loop">55, 55, 27, 1, 1, 29, yes</column>
</table>
</item>
</section>
</item>
</section>
</item>
</section>
</profile>
