<stg><name>svm_classifier</name>


<trans_list>

<trans id="66" from="1" to="2">
<condition id="18">
<or_exp><and_exp></and_exp></or_exp>
</condition>
</trans>

<trans id="67" from="2" to="3">
<condition id="19">
<or_exp><and_exp></and_exp></or_exp>
</condition>
</trans>

<trans id="68" from="3" to="4">
<condition id="20">
<or_exp><and_exp><literal name="or_cond" val="1"/>
</and_exp></or_exp>
</condition>
</trans>

<trans id="69" from="3" to="7">
<condition id="22">
<or_exp><and_exp><literal name="or_cond" val="0"/>
</and_exp></or_exp>
</condition>
</trans>

<trans id="71" from="4" to="5">
<condition id="24">
<or_exp><and_exp></and_exp></or_exp>
</condition>
</trans>

<trans id="72" from="5" to="6">
<condition id="25">
<or_exp><and_exp><literal name="or_cond1" val="1"/>
</and_exp></or_exp>
</condition>
</trans>

<trans id="73" from="5" to="7">
<condition id="27">
<or_exp><and_exp><literal name="or_cond1" val="0"/>
</and_exp></or_exp>
</condition>
</trans>

<trans id="75" from="6" to="7">
<condition id="30">
<or_exp><and_exp></and_exp></or_exp>
</condition>
</trans>
</trans_list>



<state_list>

<state id="1" st_id="1">

<operation id="8" st_id="1" stage="1" lat="1">
<core>s_axilite</core>
<MemPortIdVec></MemPortIdVec>
<condition id="5">
<or_exp><and_exp></and_exp></or_exp>
</condition>

<node id="120" bw="256" op_0_bw="256" op_1_bw="256">
<![CDATA[
:7  %in_V_read = call i256 @_ssdm_op_Read.s_axilite.i256P(i256* %in_V)

]]></node>
<StgValue><ssdm name="in_V_read"/></StgValue>
</operation>

<operation id="9" st_id="1" stage="1" lat="1">
<core>NULL</core>
<MemPortIdVec></MemPortIdVec>
<condition id="5">
<or_exp><and_exp></and_exp></or_exp>
</condition>

<node id="121" bw="13" op_0_bw="13" op_1_bw="256" op_2_bw="32" op_3_bw="32">
<![CDATA[
:8  %s_in_0_V = call i13 @_ssdm_op_PartSelect.i13.i256.i32.i32(i256 %in_V_read, i32 3, i32 15)

]]></node>
<StgValue><ssdm name="s_in_0_V"/></StgValue>
</operation>

<operation id="10" st_id="1" stage="1" lat="1">
<core>NULL</core>
<MemPortIdVec></MemPortIdVec>
<condition id="5">
<or_exp><and_exp></and_exp></or_exp>
</condition>

<node id="122" bw="13" op_0_bw="13" op_1_bw="256" op_2_bw="32" op_3_bw="32">
<![CDATA[
:9  %s_in_1_V = call i13 @_ssdm_op_PartSelect.i13.i256.i32.i32(i256 %in_V_read, i32 19, i32 31)

]]></node>
<StgValue><ssdm name="s_in_1_V"/></StgValue>
</operation>

<operation id="11" st_id="1" stage="1" lat="1">
<core>NULL</core>
<MemPortIdVec></MemPortIdVec>
<condition id="5">
<or_exp><and_exp></and_exp></or_exp>
</condition>

<node id="123" bw="13" op_0_bw="13" op_1_bw="256" op_2_bw="32" op_3_bw="32">
<![CDATA[
:10  %s_in_2_V = call i13 @_ssdm_op_PartSelect.i13.i256.i32.i32(i256 %in_V_read, i32 35, i32 47)

]]></node>
<StgValue><ssdm name="s_in_2_V"/></StgValue>
</operation>

<operation id="12" st_id="1" stage="1" lat="1">
<core>NULL</core>
<MemPortIdVec></MemPortIdVec>
<condition id="5">
<or_exp><and_exp></and_exp></or_exp>
</condition>

<node id="124" bw="13" op_0_bw="13" op_1_bw="256" op_2_bw="32" op_3_bw="32">
<![CDATA[
:11  %s_in_3_V = call i13 @_ssdm_op_PartSelect.i13.i256.i32.i32(i256 %in_V_read, i32 51, i32 63)

]]></node>
<StgValue><ssdm name="s_in_3_V"/></StgValue>
</operation>

<operation id="13" st_id="1" stage="1" lat="1">
<core>NULL</core>
<MemPortIdVec></MemPortIdVec>
<condition id="5">
<or_exp><and_exp></and_exp></or_exp>
</condition>

<node id="125" bw="13" op_0_bw="13" op_1_bw="256" op_2_bw="32" op_3_bw="32">
<![CDATA[
:12  %s_in_4_V = call i13 @_ssdm_op_PartSelect.i13.i256.i32.i32(i256 %in_V_read, i32 67, i32 79)

]]></node>
<StgValue><ssdm name="s_in_4_V"/></StgValue>
</operation>

<operation id="14" st_id="1" stage="1" lat="1">
<core>NULL</core>
<MemPortIdVec></MemPortIdVec>
<condition id="5">
<or_exp><and_exp></and_exp></or_exp>
</condition>

<node id="126" bw="13" op_0_bw="13" op_1_bw="256" op_2_bw="32" op_3_bw="32">
<![CDATA[
:13  %s_in_5_V = call i13 @_ssdm_op_PartSelect.i13.i256.i32.i32(i256 %in_V_read, i32 83, i32 95)

]]></node>
<StgValue><ssdm name="s_in_5_V"/></StgValue>
</operation>

<operation id="15" st_id="1" stage="1" lat="1">
<core>NULL</core>
<MemPortIdVec></MemPortIdVec>
<condition id="5">
<or_exp><and_exp></and_exp></or_exp>
</condition>

<node id="127" bw="13" op_0_bw="13" op_1_bw="256" op_2_bw="32" op_3_bw="32">
<![CDATA[
:14  %s_in_6_V = call i13 @_ssdm_op_PartSelect.i13.i256.i32.i32(i256 %in_V_read, i32 99, i32 111)

]]></node>
<StgValue><ssdm name="s_in_6_V"/></StgValue>
</operation>

<operation id="16" st_id="1" stage="1" lat="1">
<core>NULL</core>
<MemPortIdVec></MemPortIdVec>
<condition id="5">
<or_exp><and_exp></and_exp></or_exp>
</condition>

<node id="128" bw="13" op_0_bw="13" op_1_bw="256" op_2_bw="32" op_3_bw="32">
<![CDATA[
:15  %s_in_7_V = call i13 @_ssdm_op_PartSelect.i13.i256.i32.i32(i256 %in_V_read, i32 115, i32 127)

]]></node>
<StgValue><ssdm name="s_in_7_V"/></StgValue>
</operation>

<operation id="17" st_id="1" stage="1" lat="1">
<core>NULL</core>
<MemPortIdVec></MemPortIdVec>
<condition id="5">
<or_exp><and_exp></and_exp></or_exp>
</condition>

<node id="129" bw="13" op_0_bw="13" op_1_bw="256" op_2_bw="32" op_3_bw="32">
<![CDATA[
:16  %s_in_8_V = call i13 @_ssdm_op_PartSelect.i13.i256.i32.i32(i256 %in_V_read, i32 131, i32 143)

]]></node>
<StgValue><ssdm name="s_in_8_V"/></StgValue>
</operation>

<operation id="18" st_id="1" stage="1" lat="1">
<core>NULL</core>
<MemPortIdVec></MemPortIdVec>
<condition id="5">
<or_exp><and_exp></and_exp></or_exp>
</condition>

<node id="130" bw="13" op_0_bw="13" op_1_bw="256" op_2_bw="32" op_3_bw="32">
<![CDATA[
:17  %s_in_9_V = call i13 @_ssdm_op_PartSelect.i13.i256.i32.i32(i256 %in_V_read, i32 147, i32 159)

]]></node>
<StgValue><ssdm name="s_in_9_V"/></StgValue>
</operation>

<operation id="19" st_id="1" stage="1" lat="1">
<core>NULL</core>
<MemPortIdVec></MemPortIdVec>
<condition id="5">
<or_exp><and_exp></and_exp></or_exp>
</condition>

<node id="131" bw="13" op_0_bw="13" op_1_bw="256" op_2_bw="32" op_3_bw="32">
<![CDATA[
:18  %s_in_10_V = call i13 @_ssdm_op_PartSelect.i13.i256.i32.i32(i256 %in_V_read, i32 163, i32 175)

]]></node>
<StgValue><ssdm name="s_in_10_V"/></StgValue>
</operation>

<operation id="20" st_id="1" stage="1" lat="1">
<core>NULL</core>
<MemPortIdVec></MemPortIdVec>
<condition id="5">
<or_exp><and_exp></and_exp></or_exp>
</condition>

<node id="132" bw="13" op_0_bw="13" op_1_bw="256" op_2_bw="32" op_3_bw="32">
<![CDATA[
:19  %s_in_11_V = call i13 @_ssdm_op_PartSelect.i13.i256.i32.i32(i256 %in_V_read, i32 179, i32 191)

]]></node>
<StgValue><ssdm name="s_in_11_V"/></StgValue>
</operation>

<operation id="21" st_id="1" stage="1" lat="1">
<core>NULL</core>
<MemPortIdVec></MemPortIdVec>
<condition id="5">
<or_exp><and_exp></and_exp></or_exp>
</condition>

<node id="133" bw="13" op_0_bw="13" op_1_bw="256" op_2_bw="32" op_3_bw="32">
<![CDATA[
:20  %s_in_12_V = call i13 @_ssdm_op_PartSelect.i13.i256.i32.i32(i256 %in_V_read, i32 195, i32 207)

]]></node>
<StgValue><ssdm name="s_in_12_V"/></StgValue>
</operation>

<operation id="22" st_id="1" stage="1" lat="1">
<core>NULL</core>
<MemPortIdVec></MemPortIdVec>
<condition id="5">
<or_exp><and_exp></and_exp></or_exp>
</condition>

<node id="134" bw="13" op_0_bw="13" op_1_bw="256" op_2_bw="32" op_3_bw="32">
<![CDATA[
:21  %s_in_13_V = call i13 @_ssdm_op_PartSelect.i13.i256.i32.i32(i256 %in_V_read, i32 211, i32 223)

]]></node>
<StgValue><ssdm name="s_in_13_V"/></StgValue>
</operation>

<operation id="23" st_id="1" stage="1" lat="1">
<core>NULL</core>
<MemPortIdVec></MemPortIdVec>
<condition id="5">
<or_exp><and_exp></and_exp></or_exp>
</condition>

<node id="135" bw="13" op_0_bw="13" op_1_bw="256" op_2_bw="32" op_3_bw="32">
<![CDATA[
:22  %s_in_14_V = call i13 @_ssdm_op_PartSelect.i13.i256.i32.i32(i256 %in_V_read, i32 227, i32 239)

]]></node>
<StgValue><ssdm name="s_in_14_V"/></StgValue>
</operation>

<operation id="24" st_id="1" stage="1" lat="1">
<core>NULL</core>
<MemPortIdVec></MemPortIdVec>
<condition id="5">
<or_exp><and_exp></and_exp></or_exp>
</condition>

<node id="136" bw="13" op_0_bw="13" op_1_bw="256" op_2_bw="32" op_3_bw="32">
<![CDATA[
:23  %s_in_15_V = call i13 @_ssdm_op_PartSelect.i13.i256.i32.i32(i256 %in_V_read, i32 243, i32 255)

]]></node>
<StgValue><ssdm name="s_in_15_V"/></StgValue>
</operation>

<operation id="25" st_id="1" stage="2" lat="2">
<core></core>
<MemPortIdVec></MemPortIdVec>
<condition id="5">
<or_exp><and_exp></and_exp></or_exp>
</condition>

<node id="137" bw="18" op_0_bw="18" op_1_bw="13" op_2_bw="13" op_3_bw="13" op_4_bw="13" op_5_bw="13" op_6_bw="13" op_7_bw="13" op_8_bw="13" op_9_bw="13" op_10_bw="13" op_11_bw="13" op_12_bw="13" op_13_bw="13" op_14_bw="13" op_15_bw="13" op_16_bw="13" op_17_bw="240" op_18_bw="240" op_19_bw="240" op_20_bw="240" op_21_bw="240" op_22_bw="240" op_23_bw="240" op_24_bw="240" op_25_bw="240" op_26_bw="240" op_27_bw="240" op_28_bw="240" op_29_bw="240" op_30_bw="240" op_31_bw="240" op_32_bw="240" op_33_bw="240" op_34_bw="240" op_35_bw="13" op_36_bw="13" op_37_bw="13" op_38_bw="13" op_39_bw="13" op_40_bw="13" op_41_bw="13" op_42_bw="13" op_43_bw="13" op_44_bw="13" op_45_bw="13" op_46_bw="13" op_47_bw="13" op_48_bw="13" op_49_bw="13" op_50_bw="13" op_51_bw="13" op_52_bw="13">
<![CDATA[
:24  %lp_res_V = call fastcc i18 @svm_classifier_svm_classifier_process(i13 %s_in_0_V, i13 %s_in_1_V, i13 %s_in_2_V, i13 %s_in_3_V, i13 %s_in_4_V, i13 %s_in_5_V, i13 %s_in_6_V, i13 %s_in_7_V, i13 %s_in_8_V, i13 %s_in_9_V, i13 %s_in_10_V, i13 %s_in_11_V, i13 %s_in_12_V, i13 %s_in_13_V, i13 %s_in_14_V, i13 %s_in_15_V, [20 x i240]* @SVs_V_0, [20 x i240]* @SVs_V_1, [20 x i240]* @SVs_V_2, [20 x i240]* @SVs_V_3, [20 x i240]* @SVs_V_4, [20 x i240]* @SVs_V_5, [20 x i240]* @SVs_V_6, [20 x i240]* @SVs_V_7, [19 x i240]* @SVs_V_8, [19 x i240]* @SVs_V_9, [19 x i240]* @SVs_V_10, [19 x i240]* @SVs_V_11, [19 x i240]* @SVs_V_12, [19 x i240]* @SVs_V_13, [19 x i240]* @SVs_V_14, [19 x i240]* @SVs_V_15, [19 x i240]* @SVs_V_16, [19 x i240]* @SVs_V_17, [20 x i13]* @alpha_V_0, [20 x i13]* @alpha_V_1, [20 x i13]* @alpha_V_2, [20 x i13]* @alpha_V_3, [20 x i13]* @alpha_V_4, [20 x i13]* @alpha_V_5, [20 x i13]* @alpha_V_6, [20 x i13]* @alpha_V_7, [19 x i13]* @alpha_V_8, [19 x i13]* @alpha_V_9, [19 x i13]* @alpha_V_10, [19 x i13]* @alpha_V_11, [19 x i13]* @alpha_V_12, [19 x i13]* @alpha_V_13, [19 x i13]* @alpha_V_14, [19 x i13]* @alpha_V_15, [19 x i13]* @alpha_V_16, [19 x i13]* @alpha_V_17)

]]></node>
<StgValue><ssdm name="lp_res_V"/></StgValue>
</operation>
</state>

<state id="2" st_id="2">

<operation id="26" st_id="2" stage="1" lat="2">
<core></core>
<MemPortIdVec></MemPortIdVec>
<condition id="6">
<or_exp><and_exp></and_exp></or_exp>
</condition>

<node id="137" bw="18" op_0_bw="18" op_1_bw="13" op_2_bw="13" op_3_bw="13" op_4_bw="13" op_5_bw="13" op_6_bw="13" op_7_bw="13" op_8_bw="13" op_9_bw="13" op_10_bw="13" op_11_bw="13" op_12_bw="13" op_13_bw="13" op_14_bw="13" op_15_bw="13" op_16_bw="13" op_17_bw="240" op_18_bw="240" op_19_bw="240" op_20_bw="240" op_21_bw="240" op_22_bw="240" op_23_bw="240" op_24_bw="240" op_25_bw="240" op_26_bw="240" op_27_bw="240" op_28_bw="240" op_29_bw="240" op_30_bw="240" op_31_bw="240" op_32_bw="240" op_33_bw="240" op_34_bw="240" op_35_bw="13" op_36_bw="13" op_37_bw="13" op_38_bw="13" op_39_bw="13" op_40_bw="13" op_41_bw="13" op_42_bw="13" op_43_bw="13" op_44_bw="13" op_45_bw="13" op_46_bw="13" op_47_bw="13" op_48_bw="13" op_49_bw="13" op_50_bw="13" op_51_bw="13" op_52_bw="13">
<![CDATA[
:24  %lp_res_V = call fastcc i18 @svm_classifier_svm_classifier_process(i13 %s_in_0_V, i13 %s_in_1_V, i13 %s_in_2_V, i13 %s_in_3_V, i13 %s_in_4_V, i13 %s_in_5_V, i13 %s_in_6_V, i13 %s_in_7_V, i13 %s_in_8_V, i13 %s_in_9_V, i13 %s_in_10_V, i13 %s_in_11_V, i13 %s_in_12_V, i13 %s_in_13_V, i13 %s_in_14_V, i13 %s_in_15_V, [20 x i240]* @SVs_V_0, [20 x i240]* @SVs_V_1, [20 x i240]* @SVs_V_2, [20 x i240]* @SVs_V_3, [20 x i240]* @SVs_V_4, [20 x i240]* @SVs_V_5, [20 x i240]* @SVs_V_6, [20 x i240]* @SVs_V_7, [19 x i240]* @SVs_V_8, [19 x i240]* @SVs_V_9, [19 x i240]* @SVs_V_10, [19 x i240]* @SVs_V_11, [19 x i240]* @SVs_V_12, [19 x i240]* @SVs_V_13, [19 x i240]* @SVs_V_14, [19 x i240]* @SVs_V_15, [19 x i240]* @SVs_V_16, [19 x i240]* @SVs_V_17, [20 x i13]* @alpha_V_0, [20 x i13]* @alpha_V_1, [20 x i13]* @alpha_V_2, [20 x i13]* @alpha_V_3, [20 x i13]* @alpha_V_4, [20 x i13]* @alpha_V_5, [20 x i13]* @alpha_V_6, [20 x i13]* @alpha_V_7, [19 x i13]* @alpha_V_8, [19 x i13]* @alpha_V_9, [19 x i13]* @alpha_V_10, [19 x i13]* @alpha_V_11, [19 x i13]* @alpha_V_12, [19 x i13]* @alpha_V_13, [19 x i13]* @alpha_V_14, [19 x i13]* @alpha_V_15, [19 x i13]* @alpha_V_16, [19 x i13]* @alpha_V_17)

]]></node>
<StgValue><ssdm name="lp_res_V"/></StgValue>
</operation>
</state>

<state id="3" st_id="3">

<operation id="27" st_id="3" stage="1" lat="1">
<core>NULL</core>
<MemPortIdVec></MemPortIdVec>
<condition id="7">
<or_exp><and_exp></and_exp></or_exp>
</condition>

<node id="113" bw="0" op_0_bw="0" op_1_bw="256">
<![CDATA[
:0  call void (...)* @_ssdm_op_SpecBitsMap(i256* %in_V), !map !7

]]></node>
<StgValue><ssdm name=""/></StgValue>
</operation>

<operation id="28" st_id="3" stage="1" lat="1">
<core>NULL</core>
<MemPortIdVec></MemPortIdVec>
<condition id="7">
<or_exp><and_exp></and_exp></or_exp>
</condition>

<node id="114" bw="0" op_0_bw="0" op_1_bw="32">
<![CDATA[
:1  call void (...)* @_ssdm_op_SpecBitsMap(i32* %lp_count), !map !88

]]></node>
<StgValue><ssdm name=""/></StgValue>
</operation>

<operation id="29" st_id="3" stage="1" lat="1">
<core>NULL</core>
<MemPortIdVec></MemPortIdVec>
<condition id="7">
<or_exp><and_exp></and_exp></or_exp>
</condition>

<node id="115" bw="0" op_0_bw="0" op_1_bw="1">
<![CDATA[
:2  call void (...)* @_ssdm_op_SpecBitsMap(i1 false) nounwind, !map !94

]]></node>
<StgValue><ssdm name=""/></StgValue>
</operation>

<operation id="30" st_id="3" stage="1" lat="1">
<core>NULL</core>
<MemPortIdVec></MemPortIdVec>
<condition id="7">
<or_exp><and_exp></and_exp></or_exp>
</condition>

<node id="116" bw="0" op_0_bw="0" op_1_bw="0">
<![CDATA[
:3  call void (...)* @_ssdm_op_SpecTopModule([15 x i8]* @svm_classifier_str) nounwind

]]></node>
<StgValue><ssdm name=""/></StgValue>
</operation>

<operation id="31" st_id="3" stage="1" lat="1">
<core>NULL</core>
<MemPortIdVec></MemPortIdVec>
<condition id="7">
<or_exp><and_exp></and_exp></or_exp>
</condition>

<node id="117" bw="0" op_0_bw="0" op_1_bw="32" op_2_bw="0" op_3_bw="32" op_4_bw="32" op_5_bw="32" op_6_bw="32" op_7_bw="0" op_8_bw="0" op_9_bw="0" op_10_bw="32" op_11_bw="32" op_12_bw="32" op_13_bw="32" op_14_bw="0">
<![CDATA[
:4  call void (...)* @_ssdm_op_SpecInterface(i32* %lp_count, [10 x i8]* @p_str, i32 0, i32 0, i32 0, i32 0, [1 x i8]* @p_str11, [1 x i8]* @p_str11, [1 x i8]* @p_str11, i32 0, i32 0, i32 0, i32 0, [1 x i8]* @p_str11) nounwind

]]></node>
<StgValue><ssdm name=""/></StgValue>
</operation>

<operation id="32" st_id="3" stage="1" lat="1">
<core>NULL</core>
<MemPortIdVec></MemPortIdVec>
<condition id="7">
<or_exp><and_exp></and_exp></or_exp>
</condition>

<node id="118" bw="0" op_0_bw="0" op_1_bw="32" op_2_bw="0" op_3_bw="32" op_4_bw="32" op_5_bw="32" op_6_bw="32" op_7_bw="0" op_8_bw="0" op_9_bw="0" op_10_bw="32" op_11_bw="32" op_12_bw="32" op_13_bw="32" op_14_bw="0">
<![CDATA[
:5  call void (...)* @_ssdm_op_SpecInterface(i32 0, [10 x i8]* @p_str, i32 0, i32 0, i32 0, i32 0, [1 x i8]* @p_str11, [1 x i8]* @p_str11, [1 x i8]* @p_str11, i32 0, i32 0, i32 0, i32 0, [1 x i8]* @p_str11) nounwind

]]></node>
<StgValue><ssdm name=""/></StgValue>
</operation>

<operation id="33" st_id="3" stage="1" lat="1">
<core>NULL</core>
<MemPortIdVec></MemPortIdVec>
<condition id="7">
<or_exp><and_exp></and_exp></or_exp>
</condition>

<node id="119" bw="0" op_0_bw="0" op_1_bw="256" op_2_bw="0" op_3_bw="32" op_4_bw="32" op_5_bw="32" op_6_bw="32" op_7_bw="0" op_8_bw="0" op_9_bw="0" op_10_bw="32" op_11_bw="32" op_12_bw="32" op_13_bw="32" op_14_bw="0">
<![CDATA[
:6  call void (...)* @_ssdm_op_SpecInterface(i256* %in_V, [10 x i8]* @p_str, i32 0, i32 0, i32 0, i32 0, [1 x i8]* @p_str11, [1 x i8]* @p_str11, [1 x i8]* @p_str11, i32 0, i32 0, i32 0, i32 0, [1 x i8]* @p_str11) nounwind

]]></node>
<StgValue><ssdm name=""/></StgValue>
</operation>

<operation id="34" st_id="3" stage="1" lat="1">
<core>NULL</core>
<MemPortIdVec></MemPortIdVec>
<condition id="7">
<or_exp><and_exp></and_exp></or_exp>
</condition>

<node id="138" bw="19" op_0_bw="18">
<![CDATA[
:25  %tmp_15 = sext i18 %lp_res_V to i19

]]></node>
<StgValue><ssdm name="tmp_15"/></StgValue>
</operation>

<operation id="35" st_id="3" stage="1" lat="1">
<core>AddSub</core>
<MemPortIdVec></MemPortIdVec>
<condition id="7">
<or_exp><and_exp></and_exp></or_exp>
</condition>

<node id="139" bw="19" op_0_bw="19" op_1_bw="19">
<![CDATA[
:26  %r_V = add i19 %tmp_15, 59224

]]></node>
<StgValue><ssdm name="r_V"/></StgValue>
</operation>

<operation id="36" st_id="3" stage="1" lat="1">
<core>Cmp</core>
<MemPortIdVec></MemPortIdVec>
<condition id="7">
<or_exp><and_exp></and_exp></or_exp>
</condition>

<node id="140" bw="1" op_0_bw="19" op_1_bw="19">
<![CDATA[
:27  %tmp_16 = icmp sgt i19 %r_V, -1280

]]></node>
<StgValue><ssdm name="tmp_16"/></StgValue>
</operation>

<operation id="37" st_id="3" stage="1" lat="1">
<core>Cmp</core>
<MemPortIdVec></MemPortIdVec>
<condition id="7">
<or_exp><and_exp></and_exp></or_exp>
</condition>

<node id="141" bw="1" op_0_bw="19" op_1_bw="19">
<![CDATA[
:28  %tmp_17 = icmp slt i19 %r_V, 46080

]]></node>
<StgValue><ssdm name="tmp_17"/></StgValue>
</operation>

<operation id="38" st_id="3" stage="1" lat="1">
<core>LogicGate</core>
<MemPortIdVec></MemPortIdVec>
<condition id="7">
<or_exp><and_exp></and_exp></or_exp>
</condition>

<node id="142" bw="1" op_0_bw="1" op_1_bw="1">
<![CDATA[
:29  %or_cond = and i1 %tmp_16, %tmp_17

]]></node>
<StgValue><ssdm name="or_cond"/></StgValue>
</operation>

<operation id="39" st_id="3" stage="1" lat="1">
<core>NULL</core>
<MemPortIdVec></MemPortIdVec>
<condition id="7">
<or_exp><and_exp></and_exp></or_exp>
</condition>

<node id="143" bw="0" op_0_bw="1" op_1_bw="0" op_2_bw="0">
<![CDATA[
:30  br i1 %or_cond, label %1, label %._crit_edge

]]></node>
<StgValue><ssdm name=""/></StgValue>
</operation>

<operation id="40" st_id="3" stage="1" lat="1">
<core>NULL</core>
<MemPortIdVec></MemPortIdVec>
<condition id="9">
<or_exp><and_exp><literal name="or_cond" val="0"/>
</and_exp></or_exp>
</condition>

<node id="145" bw="1" op_0_bw="1" op_1_bw="19" op_2_bw="32">
<![CDATA[
._crit_edge:0  %out = call i1 @_ssdm_op_BitSelect.i1.i19.i32(i19 %r_V, i32 18)

]]></node>
<StgValue><ssdm name="out"/></StgValue>
</operation>

<operation id="41" st_id="3" stage="1" lat="1">
<core>NULL</core>
<MemPortIdVec></MemPortIdVec>
<condition id="9">
<or_exp><and_exp><literal name="or_cond" val="0"/>
</and_exp></or_exp>
</condition>

<node id="146" bw="0" op_0_bw="0">
<![CDATA[
._crit_edge:1  br label %3

]]></node>
<StgValue><ssdm name=""/></StgValue>
</operation>

<operation id="42" st_id="3" stage="2" lat="2">
<core></core>
<MemPortIdVec></MemPortIdVec>
<condition id="10">
<or_exp><and_exp><literal name="or_cond" val="1"/>
</and_exp></or_exp>
</condition>

<node id="148" bw="18" op_0_bw="18" op_1_bw="13" op_2_bw="13" op_3_bw="13" op_4_bw="13" op_5_bw="13" op_6_bw="13" op_7_bw="13" op_8_bw="13" op_9_bw="13" op_10_bw="13" op_11_bw="13" op_12_bw="13" op_13_bw="13" op_14_bw="13" op_15_bw="13" op_16_bw="13" op_17_bw="240" op_18_bw="240" op_19_bw="240" op_20_bw="240" op_21_bw="240" op_22_bw="240" op_23_bw="240" op_24_bw="240" op_25_bw="240" op_26_bw="240" op_27_bw="240" op_28_bw="240" op_29_bw="240" op_30_bw="240" op_31_bw="240" op_32_bw="240" op_33_bw="240" op_34_bw="240" op_35_bw="13" op_36_bw="13" op_37_bw="13" op_38_bw="13" op_39_bw="13" op_40_bw="13" op_41_bw="13" op_42_bw="13" op_43_bw="13" op_44_bw="13" op_45_bw="13" op_46_bw="13" op_47_bw="13" op_48_bw="13" op_49_bw="13" op_50_bw="13" op_51_bw="13" op_52_bw="13">
<![CDATA[
:0  %hp_res_1_V = call fastcc i18 @svm_classifier_svm_classifier_process(i13 %s_in_0_V, i13 %s_in_1_V, i13 %s_in_2_V, i13 %s_in_3_V, i13 %s_in_4_V, i13 %s_in_5_V, i13 %s_in_6_V, i13 %s_in_7_V, i13 %s_in_8_V, i13 %s_in_9_V, i13 %s_in_10_V, i13 %s_in_11_V, i13 %s_in_12_V, i13 %s_in_13_V, i13 %s_in_14_V, i13 %s_in_15_V, [20 x i240]* @SVs_l_V_0, [20 x i240]* @SVs_l_V_1, [20 x i240]* @SVs_l_V_2, [20 x i240]* @SVs_l_V_3, [20 x i240]* @SVs_l_V_4, [20 x i240]* @SVs_l_V_5, [20 x i240]* @SVs_l_V_6, [20 x i240]* @SVs_l_V_7, [19 x i240]* @SVs_l_V_8, [19 x i240]* @SVs_l_V_9, [19 x i240]* @SVs_l_V_10, [19 x i240]* @SVs_l_V_11, [19 x i240]* @SVs_l_V_12, [19 x i240]* @SVs_l_V_13, [19 x i240]* @SVs_l_V_14, [19 x i240]* @SVs_l_V_15, [19 x i240]* @SVs_l_V_16, [19 x i240]* @SVs_l_V_17, [20 x i13]* @alpha_l_V_0, [20 x i13]* @alpha_l_V_1, [20 x i13]* @alpha_l_V_2, [20 x i13]* @alpha_l_V_3, [20 x i13]* @alpha_l_V_4, [20 x i13]* @alpha_l_V_5, [20 x i13]* @alpha_l_V_6, [20 x i13]* @alpha_l_V_7, [19 x i13]* @alpha_l_V_8, [19 x i13]* @alpha_l_V_9, [19 x i13]* @alpha_l_V_10, [19 x i13]* @alpha_l_V_11, [19 x i13]* @alpha_l_V_12, [19 x i13]* @alpha_l_V_13, [19 x i13]* @alpha_l_V_14, [19 x i13]* @alpha_l_V_15, [19 x i13]* @alpha_l_V_16, [19 x i13]* @alpha_l_V_17)

]]></node>
<StgValue><ssdm name="hp_res_1_V"/></StgValue>
</operation>
</state>

<state id="4" st_id="4">

<operation id="43" st_id="4" stage="1" lat="2">
<core></core>
<MemPortIdVec></MemPortIdVec>
<condition id="11">
<or_exp><and_exp></and_exp></or_exp>
</condition>

<node id="148" bw="18" op_0_bw="18" op_1_bw="13" op_2_bw="13" op_3_bw="13" op_4_bw="13" op_5_bw="13" op_6_bw="13" op_7_bw="13" op_8_bw="13" op_9_bw="13" op_10_bw="13" op_11_bw="13" op_12_bw="13" op_13_bw="13" op_14_bw="13" op_15_bw="13" op_16_bw="13" op_17_bw="240" op_18_bw="240" op_19_bw="240" op_20_bw="240" op_21_bw="240" op_22_bw="240" op_23_bw="240" op_24_bw="240" op_25_bw="240" op_26_bw="240" op_27_bw="240" op_28_bw="240" op_29_bw="240" op_30_bw="240" op_31_bw="240" op_32_bw="240" op_33_bw="240" op_34_bw="240" op_35_bw="13" op_36_bw="13" op_37_bw="13" op_38_bw="13" op_39_bw="13" op_40_bw="13" op_41_bw="13" op_42_bw="13" op_43_bw="13" op_44_bw="13" op_45_bw="13" op_46_bw="13" op_47_bw="13" op_48_bw="13" op_49_bw="13" op_50_bw="13" op_51_bw="13" op_52_bw="13">
<![CDATA[
:0  %hp_res_1_V = call fastcc i18 @svm_classifier_svm_classifier_process(i13 %s_in_0_V, i13 %s_in_1_V, i13 %s_in_2_V, i13 %s_in_3_V, i13 %s_in_4_V, i13 %s_in_5_V, i13 %s_in_6_V, i13 %s_in_7_V, i13 %s_in_8_V, i13 %s_in_9_V, i13 %s_in_10_V, i13 %s_in_11_V, i13 %s_in_12_V, i13 %s_in_13_V, i13 %s_in_14_V, i13 %s_in_15_V, [20 x i240]* @SVs_l_V_0, [20 x i240]* @SVs_l_V_1, [20 x i240]* @SVs_l_V_2, [20 x i240]* @SVs_l_V_3, [20 x i240]* @SVs_l_V_4, [20 x i240]* @SVs_l_V_5, [20 x i240]* @SVs_l_V_6, [20 x i240]* @SVs_l_V_7, [19 x i240]* @SVs_l_V_8, [19 x i240]* @SVs_l_V_9, [19 x i240]* @SVs_l_V_10, [19 x i240]* @SVs_l_V_11, [19 x i240]* @SVs_l_V_12, [19 x i240]* @SVs_l_V_13, [19 x i240]* @SVs_l_V_14, [19 x i240]* @SVs_l_V_15, [19 x i240]* @SVs_l_V_16, [19 x i240]* @SVs_l_V_17, [20 x i13]* @alpha_l_V_0, [20 x i13]* @alpha_l_V_1, [20 x i13]* @alpha_l_V_2, [20 x i13]* @alpha_l_V_3, [20 x i13]* @alpha_l_V_4, [20 x i13]* @alpha_l_V_5, [20 x i13]* @alpha_l_V_6, [20 x i13]* @alpha_l_V_7, [19 x i13]* @alpha_l_V_8, [19 x i13]* @alpha_l_V_9, [19 x i13]* @alpha_l_V_10, [19 x i13]* @alpha_l_V_11, [19 x i13]* @alpha_l_V_12, [19 x i13]* @alpha_l_V_13, [19 x i13]* @alpha_l_V_14, [19 x i13]* @alpha_l_V_15, [19 x i13]* @alpha_l_V_16, [19 x i13]* @alpha_l_V_17)

]]></node>
<StgValue><ssdm name="hp_res_1_V"/></StgValue>
</operation>

<operation id="44" st_id="4" stage="1" lat="1">
<core>NULL</core>
<MemPortIdVec></MemPortIdVec>
<condition id="11">
<or_exp><and_exp></and_exp></or_exp>
</condition>

<node id="149" bw="19" op_0_bw="18">
<![CDATA[
:1  %tmp_18 = sext i18 %hp_res_1_V to i19

]]></node>
<StgValue><ssdm name="tmp_18"/></StgValue>
</operation>

<operation id="45" st_id="4" stage="1" lat="1">
<core>AddSub</core>
<MemPortIdVec></MemPortIdVec>
<condition id="11">
<or_exp><and_exp></and_exp></or_exp>
</condition>

<node id="150" bw="19" op_0_bw="19" op_1_bw="19">
<![CDATA[
:2  %p_Val2_2 = add i19 %tmp_18, %tmp_15

]]></node>
<StgValue><ssdm name="p_Val2_2"/></StgValue>
</operation>
</state>

<state id="5" st_id="5">

<operation id="46" st_id="5" stage="1" lat="1">
<core>NULL</core>
<MemPortIdVec></MemPortIdVec>
<condition id="12">
<or_exp><and_exp></and_exp></or_exp>
</condition>

<node id="151" bw="20" op_0_bw="19">
<![CDATA[
:3  %tmp_19 = sext i19 %p_Val2_2 to i20

]]></node>
<StgValue><ssdm name="tmp_19"/></StgValue>
</operation>

<operation id="47" st_id="5" stage="1" lat="1">
<core>AddSub</core>
<MemPortIdVec></MemPortIdVec>
<condition id="12">
<or_exp><and_exp></and_exp></or_exp>
</condition>

<node id="152" bw="20" op_0_bw="20" op_1_bw="20">
<![CDATA[
:4  %r_V_1 = add i20 %tmp_19, 59224

]]></node>
<StgValue><ssdm name="r_V_1"/></StgValue>
</operation>

<operation id="48" st_id="5" stage="1" lat="1">
<core>Cmp</core>
<MemPortIdVec></MemPortIdVec>
<condition id="12">
<or_exp><and_exp></and_exp></or_exp>
</condition>

<node id="153" bw="1" op_0_bw="20" op_1_bw="20">
<![CDATA[
:5  %tmp_20 = icmp sgt i20 %r_V_1, -1280

]]></node>
<StgValue><ssdm name="tmp_20"/></StgValue>
</operation>

<operation id="49" st_id="5" stage="1" lat="1">
<core>Cmp</core>
<MemPortIdVec></MemPortIdVec>
<condition id="12">
<or_exp><and_exp></and_exp></or_exp>
</condition>

<node id="154" bw="1" op_0_bw="20" op_1_bw="20">
<![CDATA[
:6  %tmp_21 = icmp slt i20 %r_V_1, 38400

]]></node>
<StgValue><ssdm name="tmp_21"/></StgValue>
</operation>

<operation id="50" st_id="5" stage="1" lat="1">
<core>LogicGate</core>
<MemPortIdVec></MemPortIdVec>
<condition id="12">
<or_exp><and_exp></and_exp></or_exp>
</condition>

<node id="155" bw="1" op_0_bw="1" op_1_bw="1">
<![CDATA[
:7  %or_cond1 = and i1 %tmp_20, %tmp_21

]]></node>
<StgValue><ssdm name="or_cond1"/></StgValue>
</operation>

<operation id="51" st_id="5" stage="1" lat="1">
<core>NULL</core>
<MemPortIdVec></MemPortIdVec>
<condition id="12">
<or_exp><and_exp></and_exp></or_exp>
</condition>

<node id="156" bw="0" op_0_bw="1" op_1_bw="0" op_2_bw="0">
<![CDATA[
:8  br i1 %or_cond1, label %2, label %._crit_edge297

]]></node>
<StgValue><ssdm name=""/></StgValue>
</operation>

<operation id="52" st_id="5" stage="1" lat="1">
<core>NULL</core>
<MemPortIdVec></MemPortIdVec>
<condition id="14">
<or_exp><and_exp><literal name="or_cond1" val="0"/>
</and_exp></or_exp>
</condition>

<node id="158" bw="1" op_0_bw="1" op_1_bw="20" op_2_bw="32">
<![CDATA[
._crit_edge297:0  %out_3 = call i1 @_ssdm_op_BitSelect.i1.i20.i32(i20 %r_V_1, i32 19)

]]></node>
<StgValue><ssdm name="out_3"/></StgValue>
</operation>

<operation id="53" st_id="5" stage="1" lat="1">
<core>NULL</core>
<MemPortIdVec></MemPortIdVec>
<condition id="14">
<or_exp><and_exp><literal name="or_cond1" val="0"/>
</and_exp></or_exp>
</condition>

<node id="159" bw="0" op_0_bw="0">
<![CDATA[
._crit_edge297:1  br label %3

]]></node>
<StgValue><ssdm name=""/></StgValue>
</operation>

<operation id="54" st_id="5" stage="2" lat="2">
<core></core>
<MemPortIdVec></MemPortIdVec>
<condition id="15">
<or_exp><and_exp><literal name="or_cond1" val="1"/>
</and_exp></or_exp>
</condition>

<node id="161" bw="18" op_0_bw="18" op_1_bw="13" op_2_bw="13" op_3_bw="13" op_4_bw="13" op_5_bw="13" op_6_bw="13" op_7_bw="13" op_8_bw="13" op_9_bw="13" op_10_bw="13" op_11_bw="13" op_12_bw="13" op_13_bw="13" op_14_bw="13" op_15_bw="13" op_16_bw="13" op_17_bw="240" op_18_bw="240" op_19_bw="240" op_20_bw="240" op_21_bw="240" op_22_bw="240" op_23_bw="240" op_24_bw="240" op_25_bw="240" op_26_bw="240" op_27_bw="240" op_28_bw="240" op_29_bw="240" op_30_bw="240" op_31_bw="240" op_32_bw="240" op_33_bw="240" op_34_bw="240" op_35_bw="13" op_36_bw="13" op_37_bw="13" op_38_bw="13" op_39_bw="13" op_40_bw="13" op_41_bw="13" op_42_bw="13" op_43_bw="13" op_44_bw="13" op_45_bw="13" op_46_bw="13" op_47_bw="13" op_48_bw="13" op_49_bw="13" op_50_bw="13" op_51_bw="13" op_52_bw="13">
<![CDATA[
:0  %hp_res_2_V = call fastcc i18 @svm_classifier_svm_classifier_process(i13 %s_in_0_V, i13 %s_in_1_V, i13 %s_in_2_V, i13 %s_in_3_V, i13 %s_in_4_V, i13 %s_in_5_V, i13 %s_in_6_V, i13 %s_in_7_V, i13 %s_in_8_V, i13 %s_in_9_V, i13 %s_in_10_V, i13 %s_in_11_V, i13 %s_in_12_V, i13 %s_in_13_V, i13 %s_in_14_V, i13 %s_in_15_V, [20 x i240]* @SVs_h_V_0, [20 x i240]* @SVs_h_V_1, [20 x i240]* @SVs_h_V_2, [20 x i240]* @SVs_h_V_3, [20 x i240]* @SVs_h_V_4, [20 x i240]* @SVs_h_V_5, [20 x i240]* @SVs_h_V_6, [20 x i240]* @SVs_h_V_7, [19 x i240]* @SVs_h_V_8, [19 x i240]* @SVs_h_V_9, [19 x i240]* @SVs_h_V_10, [19 x i240]* @SVs_h_V_11, [19 x i240]* @SVs_h_V_12, [19 x i240]* @SVs_h_V_13, [19 x i240]* @SVs_h_V_14, [19 x i240]* @SVs_h_V_15, [19 x i240]* @SVs_h_V_16, [19 x i240]* @SVs_h_V_17, [20 x i13]* @alpha_h_V_0, [20 x i13]* @alpha_h_V_1, [20 x i13]* @alpha_h_V_2, [20 x i13]* @alpha_h_V_3, [20 x i13]* @alpha_h_V_4, [20 x i13]* @alpha_h_V_5, [20 x i13]* @alpha_h_V_6, [20 x i13]* @alpha_h_V_7, [19 x i13]* @alpha_h_V_8, [19 x i13]* @alpha_h_V_9, [19 x i13]* @alpha_h_V_10, [19 x i13]* @alpha_h_V_11, [19 x i13]* @alpha_h_V_12, [19 x i13]* @alpha_h_V_13, [19 x i13]* @alpha_h_V_14, [19 x i13]* @alpha_h_V_15, [19 x i13]* @alpha_h_V_16, [19 x i13]* @alpha_h_V_17)

]]></node>
<StgValue><ssdm name="hp_res_2_V"/></StgValue>
</operation>
</state>

<state id="6" st_id="6">

<operation id="55" st_id="6" stage="1" lat="2">
<core></core>
<MemPortIdVec></MemPortIdVec>
<condition id="16">
<or_exp><and_exp></and_exp></or_exp>
</condition>

<node id="161" bw="18" op_0_bw="18" op_1_bw="13" op_2_bw="13" op_3_bw="13" op_4_bw="13" op_5_bw="13" op_6_bw="13" op_7_bw="13" op_8_bw="13" op_9_bw="13" op_10_bw="13" op_11_bw="13" op_12_bw="13" op_13_bw="13" op_14_bw="13" op_15_bw="13" op_16_bw="13" op_17_bw="240" op_18_bw="240" op_19_bw="240" op_20_bw="240" op_21_bw="240" op_22_bw="240" op_23_bw="240" op_24_bw="240" op_25_bw="240" op_26_bw="240" op_27_bw="240" op_28_bw="240" op_29_bw="240" op_30_bw="240" op_31_bw="240" op_32_bw="240" op_33_bw="240" op_34_bw="240" op_35_bw="13" op_36_bw="13" op_37_bw="13" op_38_bw="13" op_39_bw="13" op_40_bw="13" op_41_bw="13" op_42_bw="13" op_43_bw="13" op_44_bw="13" op_45_bw="13" op_46_bw="13" op_47_bw="13" op_48_bw="13" op_49_bw="13" op_50_bw="13" op_51_bw="13" op_52_bw="13">
<![CDATA[
:0  %hp_res_2_V = call fastcc i18 @svm_classifier_svm_classifier_process(i13 %s_in_0_V, i13 %s_in_1_V, i13 %s_in_2_V, i13 %s_in_3_V, i13 %s_in_4_V, i13 %s_in_5_V, i13 %s_in_6_V, i13 %s_in_7_V, i13 %s_in_8_V, i13 %s_in_9_V, i13 %s_in_10_V, i13 %s_in_11_V, i13 %s_in_12_V, i13 %s_in_13_V, i13 %s_in_14_V, i13 %s_in_15_V, [20 x i240]* @SVs_h_V_0, [20 x i240]* @SVs_h_V_1, [20 x i240]* @SVs_h_V_2, [20 x i240]* @SVs_h_V_3, [20 x i240]* @SVs_h_V_4, [20 x i240]* @SVs_h_V_5, [20 x i240]* @SVs_h_V_6, [20 x i240]* @SVs_h_V_7, [19 x i240]* @SVs_h_V_8, [19 x i240]* @SVs_h_V_9, [19 x i240]* @SVs_h_V_10, [19 x i240]* @SVs_h_V_11, [19 x i240]* @SVs_h_V_12, [19 x i240]* @SVs_h_V_13, [19 x i240]* @SVs_h_V_14, [19 x i240]* @SVs_h_V_15, [19 x i240]* @SVs_h_V_16, [19 x i240]* @SVs_h_V_17, [20 x i13]* @alpha_h_V_0, [20 x i13]* @alpha_h_V_1, [20 x i13]* @alpha_h_V_2, [20 x i13]* @alpha_h_V_3, [20 x i13]* @alpha_h_V_4, [20 x i13]* @alpha_h_V_5, [20 x i13]* @alpha_h_V_6, [20 x i13]* @alpha_h_V_7, [19 x i13]* @alpha_h_V_8, [19 x i13]* @alpha_h_V_9, [19 x i13]* @alpha_h_V_10, [19 x i13]* @alpha_h_V_11, [19 x i13]* @alpha_h_V_12, [19 x i13]* @alpha_h_V_13, [19 x i13]* @alpha_h_V_14, [19 x i13]* @alpha_h_V_15, [19 x i13]* @alpha_h_V_16, [19 x i13]* @alpha_h_V_17)

]]></node>
<StgValue><ssdm name="hp_res_2_V"/></StgValue>
</operation>

<operation id="56" st_id="6" stage="1" lat="1">
<core>NULL</core>
<MemPortIdVec></MemPortIdVec>
<condition id="16">
<or_exp><and_exp></and_exp></or_exp>
</condition>

<node id="162" bw="20" op_0_bw="18">
<![CDATA[
:1  %tmp_22 = sext i18 %hp_res_2_V to i20

]]></node>
<StgValue><ssdm name="tmp_22"/></StgValue>
</operation>

<operation id="57" st_id="6" stage="1" lat="1">
<core>TAddSub</core>
<MemPortIdVec></MemPortIdVec>
<condition id="16">
<or_exp><and_exp></and_exp></or_exp>
</condition>

<node id="163" bw="20" op_0_bw="20" op_1_bw="20">
<![CDATA[
:2  %p_Val2_4 = add i20 %tmp_19, %tmp_22

]]></node>
<StgValue><ssdm name="p_Val2_4"/></StgValue>
</operation>

<operation id="58" st_id="6" stage="1" lat="1">
<core>TAddSub</core>
<MemPortIdVec></MemPortIdVec>
<condition id="16">
<or_exp><and_exp></and_exp></or_exp>
</condition>

<node id="164" bw="20" op_0_bw="20" op_1_bw="20">
<![CDATA[
:3  %r_V_2 = add i20 %p_Val2_4, 59224

]]></node>
<StgValue><ssdm name="r_V_2"/></StgValue>
</operation>

<operation id="59" st_id="6" stage="1" lat="1">
<core>NULL</core>
<MemPortIdVec></MemPortIdVec>
<condition id="16">
<or_exp><and_exp></and_exp></or_exp>
</condition>

<node id="165" bw="1" op_0_bw="1" op_1_bw="20" op_2_bw="32">
<![CDATA[
:4  %out_2 = call i1 @_ssdm_op_BitSelect.i1.i20.i32(i20 %r_V_2, i32 19)

]]></node>
<StgValue><ssdm name="out_2"/></StgValue>
</operation>

<operation id="60" st_id="6" stage="1" lat="1">
<core>NULL</core>
<MemPortIdVec></MemPortIdVec>
<condition id="16">
<or_exp><and_exp></and_exp></or_exp>
</condition>

<node id="166" bw="0" op_0_bw="0">
<![CDATA[
:5  br label %3

]]></node>
<StgValue><ssdm name=""/></StgValue>
</operation>
</state>

<state id="7" st_id="7">

<operation id="61" st_id="7" stage="1" lat="1">
<core>NULL</core>
<MemPortIdVec></MemPortIdVec>
<condition id="17">
<or_exp><and_exp></and_exp></or_exp>
</condition>

<node id="168" bw="1" op_0_bw="1" op_1_bw="0" op_2_bw="1">
<![CDATA[
:0  %storemerge = phi i1 [ true, %._crit_edge ], [ false, %2 ], [ false, %._crit_edge297 ]

]]></node>
<StgValue><ssdm name="storemerge"/></StgValue>
</operation>

<operation id="62" st_id="7" stage="1" lat="1">
<core>NULL</core>
<MemPortIdVec></MemPortIdVec>
<condition id="17">
<or_exp><and_exp></and_exp></or_exp>
</condition>

<node id="169" bw="1" op_0_bw="1" op_1_bw="0" op_2_bw="1">
<![CDATA[
:1  %out_1 = phi i1 [ %out, %._crit_edge ], [ %out_2, %2 ], [ %out_3, %._crit_edge297 ]

]]></node>
<StgValue><ssdm name="out_1"/></StgValue>
</operation>

<operation id="63" st_id="7" stage="1" lat="1">
<core>NULL</core>
<MemPortIdVec></MemPortIdVec>
<condition id="17">
<or_exp><and_exp></and_exp></or_exp>
</condition>

<node id="170" bw="32" op_0_bw="1">
<![CDATA[
:2  %storemerge_cast = zext i1 %storemerge to i32

]]></node>
<StgValue><ssdm name="storemerge_cast"/></StgValue>
</operation>

<operation id="64" st_id="7" stage="1" lat="1">
<core>s_axilite</core>
<MemPortIdVec></MemPortIdVec>
<condition id="17">
<or_exp><and_exp></and_exp></or_exp>
</condition>

<node id="171" bw="0" op_0_bw="0" op_1_bw="32" op_2_bw="32">
<![CDATA[
:3  call void @_ssdm_op_Write.s_axilite.i32P(i32* %lp_count, i32 %storemerge_cast)

]]></node>
<StgValue><ssdm name=""/></StgValue>
</operation>

<operation id="65" st_id="7" stage="1" lat="1">
<core>NULL</core>
<MemPortIdVec></MemPortIdVec>
<condition id="17">
<or_exp><and_exp></and_exp></or_exp>
</condition>

<node id="172" bw="0" op_0_bw="1">
<![CDATA[
:4  ret i1 %out_1

]]></node>
<StgValue><ssdm name=""/></StgValue>
</operation>
</state>
</state_list>


<ports>
<port id="76" name="in_V" dir="0" iftype="0">
<core>NULL</core><StgValue><ssdm name="in_V"/></StgValue>
</port>
<port id="77" name="lp_count" dir="1" iftype="0">
<core>NULL</core><StgValue><ssdm name="lp_count"/></StgValue>
</port>
<port id="78" name="sinh_lut_V" dir="0" iftype="1">
<core>ROM_nP</core><StgValue><ssdm name="sinh_lut_V"/><MemPortTyVec>1 </MemPortTyVec>
</StgValue>
</port>
<port id="79" name="cosh_lut_V" dir="0" iftype="1">
<core>ROM_nP</core><StgValue><ssdm name="cosh_lut_V"/><MemPortTyVec>1 </MemPortTyVec>
</StgValue>
</port>
<port id="80" name="SVs_V_0" dir="0" iftype="1">
<core>RAM</core><StgValue><ssdm name="SVs_V_0"/><MemPortTyVec>1 3 </MemPortTyVec>
</StgValue>
</port>
<port id="81" name="SVs_V_1" dir="0" iftype="1">
<core>RAM</core><StgValue><ssdm name="SVs_V_1"/><MemPortTyVec>1 3 </MemPortTyVec>
</StgValue>
</port>
<port id="82" name="SVs_V_2" dir="0" iftype="1">
<core>RAM</core><StgValue><ssdm name="SVs_V_2"/><MemPortTyVec>1 3 </MemPortTyVec>
</StgValue>
</port>
<port id="83" name="SVs_V_3" dir="0" iftype="1">
<core>RAM</core><StgValue><ssdm name="SVs_V_3"/><MemPortTyVec>1 3 </MemPortTyVec>
</StgValue>
</port>
<port id="84" name="SVs_V_4" dir="0" iftype="1">
<core>RAM</core><StgValue><ssdm name="SVs_V_4"/><MemPortTyVec>1 3 </MemPortTyVec>
</StgValue>
</port>
<port id="85" name="SVs_V_5" dir="0" iftype="1">
<core>RAM</core><StgValue><ssdm name="SVs_V_5"/><MemPortTyVec>1 3 </MemPortTyVec>
</StgValue>
</port>
<port id="86" name="SVs_V_6" dir="0" iftype="1">
<core>RAM</core><StgValue><ssdm name="SVs_V_6"/><MemPortTyVec>1 3 </MemPortTyVec>
</StgValue>
</port>
<port id="87" name="SVs_V_7" dir="0" iftype="1">
<core>RAM</core><StgValue><ssdm name="SVs_V_7"/><MemPortTyVec>1 3 </MemPortTyVec>
</StgValue>
</port>
<port id="88" name="SVs_V_8" dir="0" iftype="1">
<core>RAM</core><StgValue><ssdm name="SVs_V_8"/><MemPortTyVec>1 3 </MemPortTyVec>
</StgValue>
</port>
<port id="89" name="SVs_V_9" dir="0" iftype="1">
<core>RAM</core><StgValue><ssdm name="SVs_V_9"/><MemPortTyVec>1 3 </MemPortTyVec>
</StgValue>
</port>
<port id="90" name="SVs_V_10" dir="0" iftype="1">
<core>RAM</core><StgValue><ssdm name="SVs_V_10"/><MemPortTyVec>1 3 </MemPortTyVec>
</StgValue>
</port>
<port id="91" name="SVs_V_11" dir="0" iftype="1">
<core>RAM</core><StgValue><ssdm name="SVs_V_11"/><MemPortTyVec>1 3 </MemPortTyVec>
</StgValue>
</port>
<port id="92" name="SVs_V_12" dir="0" iftype="1">
<core>RAM</core><StgValue><ssdm name="SVs_V_12"/><MemPortTyVec>1 3 </MemPortTyVec>
</StgValue>
</port>
<port id="93" name="SVs_V_13" dir="0" iftype="1">
<core>RAM</core><StgValue><ssdm name="SVs_V_13"/><MemPortTyVec>1 3 </MemPortTyVec>
</StgValue>
</port>
<port id="94" name="SVs_V_14" dir="0" iftype="1">
<core>RAM</core><StgValue><ssdm name="SVs_V_14"/><MemPortTyVec>1 3 </MemPortTyVec>
</StgValue>
</port>
<port id="95" name="SVs_V_15" dir="0" iftype="1">
<core>RAM</core><StgValue><ssdm name="SVs_V_15"/><MemPortTyVec>1 3 </MemPortTyVec>
</StgValue>
</port>
<port id="96" name="SVs_V_16" dir="0" iftype="1">
<core>RAM</core><StgValue><ssdm name="SVs_V_16"/><MemPortTyVec>1 3 </MemPortTyVec>
</StgValue>
</port>
<port id="97" name="SVs_V_17" dir="0" iftype="1">
<core>RAM</core><StgValue><ssdm name="SVs_V_17"/><MemPortTyVec>1 3 </MemPortTyVec>
</StgValue>
</port>
<port id="98" name="alpha_V_0" dir="0" iftype="1">
<core>RAM</core><StgValue><ssdm name="alpha_V_0"/><MemPortTyVec>1 3 </MemPortTyVec>
</StgValue>
</port>
<port id="99" name="alpha_V_1" dir="0" iftype="1">
<core>RAM</core><StgValue><ssdm name="alpha_V_1"/><MemPortTyVec>1 3 </MemPortTyVec>
</StgValue>
</port>
<port id="100" name="alpha_V_2" dir="0" iftype="1">
<core>RAM</core><StgValue><ssdm name="alpha_V_2"/><MemPortTyVec>1 3 </MemPortTyVec>
</StgValue>
</port>
<port id="101" name="alpha_V_3" dir="0" iftype="1">
<core>RAM</core><StgValue><ssdm name="alpha_V_3"/><MemPortTyVec>1 3 </MemPortTyVec>
</StgValue>
</port>
<port id="102" name="alpha_V_4" dir="0" iftype="1">
<core>RAM</core><StgValue><ssdm name="alpha_V_4"/><MemPortTyVec>1 3 </MemPortTyVec>
</StgValue>
</port>
<port id="103" name="alpha_V_5" dir="0" iftype="1">
<core>RAM</core><StgValue><ssdm name="alpha_V_5"/><MemPortTyVec>1 3 </MemPortTyVec>
</StgValue>
</port>
<port id="104" name="alpha_V_6" dir="0" iftype="1">
<core>RAM</core><StgValue><ssdm name="alpha_V_6"/><MemPortTyVec>1 3 </MemPortTyVec>
</StgValue>
</port>
<port id="105" name="alpha_V_7" dir="0" iftype="1">
<core>RAM</core><StgValue><ssdm name="alpha_V_7"/><MemPortTyVec>1 3 </MemPortTyVec>
</StgValue>
</port>
<port id="106" name="alpha_V_8" dir="0" iftype="1">
<core>RAM</core><StgValue><ssdm name="alpha_V_8"/><MemPortTyVec>1 3 </MemPortTyVec>
</StgValue>
</port>
<port id="107" name="alpha_V_9" dir="0" iftype="1">
<core>RAM</core><StgValue><ssdm name="alpha_V_9"/><MemPortTyVec>1 3 </MemPortTyVec>
</StgValue>
</port>
<port id="108" name="alpha_V_10" dir="0" iftype="1">
<core>RAM</core><StgValue><ssdm name="alpha_V_10"/><MemPortTyVec>1 3 </MemPortTyVec>
</StgValue>
</port>
<port id="109" name="alpha_V_11" dir="0" iftype="1">
<core>RAM</core><StgValue><ssdm name="alpha_V_11"/><MemPortTyVec>1 3 </MemPortTyVec>
</StgValue>
</port>
<port id="110" name="alpha_V_12" dir="0" iftype="1">
<core>RAM</core><StgValue><ssdm name="alpha_V_12"/><MemPortTyVec>1 3 </MemPortTyVec>
</StgValue>
</port>
<port id="111" name="alpha_V_13" dir="0" iftype="1">
<core>RAM</core><StgValue><ssdm name="alpha_V_13"/><MemPortTyVec>1 3 </MemPortTyVec>
</StgValue>
</port>
<port id="112" name="alpha_V_14" dir="0" iftype="1">
<core>RAM</core><StgValue><ssdm name="alpha_V_14"/><MemPortTyVec>1 3 </MemPortTyVec>
</StgValue>
</port>
<port id="113" name="alpha_V_15" dir="0" iftype="1">
<core>RAM</core><StgValue><ssdm name="alpha_V_15"/><MemPortTyVec>1 3 </MemPortTyVec>
</StgValue>
</port>
<port id="114" name="alpha_V_16" dir="0" iftype="1">
<core>RAM</core><StgValue><ssdm name="alpha_V_16"/><MemPortTyVec>1 3 </MemPortTyVec>
</StgValue>
</port>
<port id="115" name="alpha_V_17" dir="0" iftype="1">
<core>RAM</core><StgValue><ssdm name="alpha_V_17"/><MemPortTyVec>1 3 </MemPortTyVec>
</StgValue>
</port>
<port id="116" name="SVs_l_V_0" dir="0" iftype="1">
<core>RAM</core><StgValue><ssdm name="SVs_l_V_0"/><MemPortTyVec>1 3 </MemPortTyVec>
</StgValue>
</port>
<port id="117" name="SVs_l_V_1" dir="0" iftype="1">
<core>RAM</core><StgValue><ssdm name="SVs_l_V_1"/><MemPortTyVec>1 3 </MemPortTyVec>
</StgValue>
</port>
<port id="118" name="SVs_l_V_2" dir="0" iftype="1">
<core>RAM</core><StgValue><ssdm name="SVs_l_V_2"/><MemPortTyVec>1 3 </MemPortTyVec>
</StgValue>
</port>
<port id="119" name="SVs_l_V_3" dir="0" iftype="1">
<core>RAM</core><StgValue><ssdm name="SVs_l_V_3"/><MemPortTyVec>1 3 </MemPortTyVec>
</StgValue>
</port>
<port id="120" name="SVs_l_V_4" dir="0" iftype="1">
<core>RAM</core><StgValue><ssdm name="SVs_l_V_4"/><MemPortTyVec>1 3 </MemPortTyVec>
</StgValue>
</port>
<port id="121" name="SVs_l_V_5" dir="0" iftype="1">
<core>RAM</core><StgValue><ssdm name="SVs_l_V_5"/><MemPortTyVec>1 3 </MemPortTyVec>
</StgValue>
</port>
<port id="122" name="SVs_l_V_6" dir="0" iftype="1">
<core>RAM</core><StgValue><ssdm name="SVs_l_V_6"/><MemPortTyVec>1 3 </MemPortTyVec>
</StgValue>
</port>
<port id="123" name="SVs_l_V_7" dir="0" iftype="1">
<core>RAM</core><StgValue><ssdm name="SVs_l_V_7"/><MemPortTyVec>1 3 </MemPortTyVec>
</StgValue>
</port>
<port id="124" name="SVs_l_V_8" dir="0" iftype="1">
<core>RAM</core><StgValue><ssdm name="SVs_l_V_8"/><MemPortTyVec>1 3 </MemPortTyVec>
</StgValue>
</port>
<port id="125" name="SVs_l_V_9" dir="0" iftype="1">
<core>RAM</core><StgValue><ssdm name="SVs_l_V_9"/><MemPortTyVec>1 3 </MemPortTyVec>
</StgValue>
</port>
<port id="126" name="SVs_l_V_10" dir="0" iftype="1">
<core>RAM</core><StgValue><ssdm name="SVs_l_V_10"/><MemPortTyVec>1 3 </MemPortTyVec>
</StgValue>
</port>
<port id="127" name="SVs_l_V_11" dir="0" iftype="1">
<core>RAM</core><StgValue><ssdm name="SVs_l_V_11"/><MemPortTyVec>1 3 </MemPortTyVec>
</StgValue>
</port>
<port id="128" name="SVs_l_V_12" dir="0" iftype="1">
<core>RAM</core><StgValue><ssdm name="SVs_l_V_12"/><MemPortTyVec>1 3 </MemPortTyVec>
</StgValue>
</port>
<port id="129" name="SVs_l_V_13" dir="0" iftype="1">
<core>RAM</core><StgValue><ssdm name="SVs_l_V_13"/><MemPortTyVec>1 3 </MemPortTyVec>
</StgValue>
</port>
<port id="130" name="SVs_l_V_14" dir="0" iftype="1">
<core>RAM</core><StgValue><ssdm name="SVs_l_V_14"/><MemPortTyVec>1 3 </MemPortTyVec>
</StgValue>
</port>
<port id="131" name="SVs_l_V_15" dir="0" iftype="1">
<core>RAM</core><StgValue><ssdm name="SVs_l_V_15"/><MemPortTyVec>1 3 </MemPortTyVec>
</StgValue>
</port>
<port id="132" name="SVs_l_V_16" dir="0" iftype="1">
<core>RAM</core><StgValue><ssdm name="SVs_l_V_16"/><MemPortTyVec>1 3 </MemPortTyVec>
</StgValue>
</port>
<port id="133" name="SVs_l_V_17" dir="0" iftype="1">
<core>RAM</core><StgValue><ssdm name="SVs_l_V_17"/><MemPortTyVec>1 3 </MemPortTyVec>
</StgValue>
</port>
<port id="134" name="alpha_l_V_0" dir="0" iftype="1">
<core>RAM</core><StgValue><ssdm name="alpha_l_V_0"/><MemPortTyVec>1 3 </MemPortTyVec>
</StgValue>
</port>
<port id="135" name="alpha_l_V_1" dir="0" iftype="1">
<core>RAM</core><StgValue><ssdm name="alpha_l_V_1"/><MemPortTyVec>1 3 </MemPortTyVec>
</StgValue>
</port>
<port id="136" name="alpha_l_V_2" dir="0" iftype="1">
<core>RAM</core><StgValue><ssdm name="alpha_l_V_2"/><MemPortTyVec>1 3 </MemPortTyVec>
</StgValue>
</port>
<port id="137" name="alpha_l_V_3" dir="0" iftype="1">
<core>RAM</core><StgValue><ssdm name="alpha_l_V_3"/><MemPortTyVec>1 3 </MemPortTyVec>
</StgValue>
</port>
<port id="138" name="alpha_l_V_4" dir="0" iftype="1">
<core>RAM</core><StgValue><ssdm name="alpha_l_V_4"/><MemPortTyVec>1 3 </MemPortTyVec>
</StgValue>
</port>
<port id="139" name="alpha_l_V_5" dir="0" iftype="1">
<core>RAM</core><StgValue><ssdm name="alpha_l_V_5"/><MemPortTyVec>1 3 </MemPortTyVec>
</StgValue>
</port>
<port id="140" name="alpha_l_V_6" dir="0" iftype="1">
<core>RAM</core><StgValue><ssdm name="alpha_l_V_6"/><MemPortTyVec>1 3 </MemPortTyVec>
</StgValue>
</port>
<port id="141" name="alpha_l_V_7" dir="0" iftype="1">
<core>RAM</core><StgValue><ssdm name="alpha_l_V_7"/><MemPortTyVec>1 3 </MemPortTyVec>
</StgValue>
</port>
<port id="142" name="alpha_l_V_8" dir="0" iftype="1">
<core>RAM</core><StgValue><ssdm name="alpha_l_V_8"/><MemPortTyVec>1 3 </MemPortTyVec>
</StgValue>
</port>
<port id="143" name="alpha_l_V_9" dir="0" iftype="1">
<core>RAM</core><StgValue><ssdm name="alpha_l_V_9"/><MemPortTyVec>1 3 </MemPortTyVec>
</StgValue>
</port>
<port id="144" name="alpha_l_V_10" dir="0" iftype="1">
<core>RAM</core><StgValue><ssdm name="alpha_l_V_10"/><MemPortTyVec>1 3 </MemPortTyVec>
</StgValue>
</port>
<port id="145" name="alpha_l_V_11" dir="0" iftype="1">
<core>RAM</core><StgValue><ssdm name="alpha_l_V_11"/><MemPortTyVec>1 3 </MemPortTyVec>
</StgValue>
</port>
<port id="146" name="alpha_l_V_12" dir="0" iftype="1">
<core>RAM</core><StgValue><ssdm name="alpha_l_V_12"/><MemPortTyVec>1 3 </MemPortTyVec>
</StgValue>
</port>
<port id="147" name="alpha_l_V_13" dir="0" iftype="1">
<core>RAM</core><StgValue><ssdm name="alpha_l_V_13"/><MemPortTyVec>1 3 </MemPortTyVec>
</StgValue>
</port>
<port id="148" name="alpha_l_V_14" dir="0" iftype="1">
<core>RAM</core><StgValue><ssdm name="alpha_l_V_14"/><MemPortTyVec>1 3 </MemPortTyVec>
</StgValue>
</port>
<port id="149" name="alpha_l_V_15" dir="0" iftype="1">
<core>RAM</core><StgValue><ssdm name="alpha_l_V_15"/><MemPortTyVec>1 3 </MemPortTyVec>
</StgValue>
</port>
<port id="150" name="alpha_l_V_16" dir="0" iftype="1">
<core>RAM</core><StgValue><ssdm name="alpha_l_V_16"/><MemPortTyVec>1 3 </MemPortTyVec>
</StgValue>
</port>
<port id="151" name="alpha_l_V_17" dir="0" iftype="1">
<core>RAM</core><StgValue><ssdm name="alpha_l_V_17"/><MemPortTyVec>1 3 </MemPortTyVec>
</StgValue>
</port>
<port id="152" name="SVs_h_V_0" dir="0" iftype="1">
<core>RAM</core><StgValue><ssdm name="SVs_h_V_0"/><MemPortTyVec>1 3 </MemPortTyVec>
</StgValue>
</port>
<port id="153" name="SVs_h_V_1" dir="0" iftype="1">
<core>RAM</core><StgValue><ssdm name="SVs_h_V_1"/><MemPortTyVec>1 3 </MemPortTyVec>
</StgValue>
</port>
<port id="154" name="SVs_h_V_2" dir="0" iftype="1">
<core>RAM</core><StgValue><ssdm name="SVs_h_V_2"/><MemPortTyVec>1 3 </MemPortTyVec>
</StgValue>
</port>
<port id="155" name="SVs_h_V_3" dir="0" iftype="1">
<core>RAM</core><StgValue><ssdm name="SVs_h_V_3"/><MemPortTyVec>1 3 </MemPortTyVec>
</StgValue>
</port>
<port id="156" name="SVs_h_V_4" dir="0" iftype="1">
<core>RAM</core><StgValue><ssdm name="SVs_h_V_4"/><MemPortTyVec>1 3 </MemPortTyVec>
</StgValue>
</port>
<port id="157" name="SVs_h_V_5" dir="0" iftype="1">
<core>RAM</core><StgValue><ssdm name="SVs_h_V_5"/><MemPortTyVec>1 3 </MemPortTyVec>
</StgValue>
</port>
<port id="158" name="SVs_h_V_6" dir="0" iftype="1">
<core>RAM</core><StgValue><ssdm name="SVs_h_V_6"/><MemPortTyVec>1 3 </MemPortTyVec>
</StgValue>
</port>
<port id="159" name="SVs_h_V_7" dir="0" iftype="1">
<core>RAM</core><StgValue><ssdm name="SVs_h_V_7"/><MemPortTyVec>1 3 </MemPortTyVec>
</StgValue>
</port>
<port id="160" name="SVs_h_V_8" dir="0" iftype="1">
<core>RAM</core><StgValue><ssdm name="SVs_h_V_8"/><MemPortTyVec>1 3 </MemPortTyVec>
</StgValue>
</port>
<port id="161" name="SVs_h_V_9" dir="0" iftype="1">
<core>RAM</core><StgValue><ssdm name="SVs_h_V_9"/><MemPortTyVec>1 3 </MemPortTyVec>
</StgValue>
</port>
<port id="162" name="SVs_h_V_10" dir="0" iftype="1">
<core>RAM</core><StgValue><ssdm name="SVs_h_V_10"/><MemPortTyVec>1 3 </MemPortTyVec>
</StgValue>
</port>
<port id="163" name="SVs_h_V_11" dir="0" iftype="1">
<core>RAM</core><StgValue><ssdm name="SVs_h_V_11"/><MemPortTyVec>1 3 </MemPortTyVec>
</StgValue>
</port>
<port id="164" name="SVs_h_V_12" dir="0" iftype="1">
<core>RAM</core><StgValue><ssdm name="SVs_h_V_12"/><MemPortTyVec>1 3 </MemPortTyVec>
</StgValue>
</port>
<port id="165" name="SVs_h_V_13" dir="0" iftype="1">
<core>RAM</core><StgValue><ssdm name="SVs_h_V_13"/><MemPortTyVec>1 3 </MemPortTyVec>
</StgValue>
</port>
<port id="166" name="SVs_h_V_14" dir="0" iftype="1">
<core>RAM</core><StgValue><ssdm name="SVs_h_V_14"/><MemPortTyVec>1 3 </MemPortTyVec>
</StgValue>
</port>
<port id="167" name="SVs_h_V_15" dir="0" iftype="1">
<core>RAM</core><StgValue><ssdm name="SVs_h_V_15"/><MemPortTyVec>1 3 </MemPortTyVec>
</StgValue>
</port>
<port id="168" name="SVs_h_V_16" dir="0" iftype="1">
<core>RAM</core><StgValue><ssdm name="SVs_h_V_16"/><MemPortTyVec>1 3 </MemPortTyVec>
</StgValue>
</port>
<port id="169" name="SVs_h_V_17" dir="0" iftype="1">
<core>RAM</core><StgValue><ssdm name="SVs_h_V_17"/><MemPortTyVec>1 3 </MemPortTyVec>
</StgValue>
</port>
<port id="170" name="alpha_h_V_0" dir="0" iftype="1">
<core>RAM</core><StgValue><ssdm name="alpha_h_V_0"/><MemPortTyVec>1 3 </MemPortTyVec>
</StgValue>
</port>
<port id="171" name="alpha_h_V_1" dir="0" iftype="1">
<core>RAM</core><StgValue><ssdm name="alpha_h_V_1"/><MemPortTyVec>1 3 </MemPortTyVec>
</StgValue>
</port>
<port id="172" name="alpha_h_V_2" dir="0" iftype="1">
<core>RAM</core><StgValue><ssdm name="alpha_h_V_2"/><MemPortTyVec>1 3 </MemPortTyVec>
</StgValue>
</port>
<port id="173" name="alpha_h_V_3" dir="0" iftype="1">
<core>RAM</core><StgValue><ssdm name="alpha_h_V_3"/><MemPortTyVec>1 3 </MemPortTyVec>
</StgValue>
</port>
<port id="174" name="alpha_h_V_4" dir="0" iftype="1">
<core>RAM</core><StgValue><ssdm name="alpha_h_V_4"/><MemPortTyVec>1 3 </MemPortTyVec>
</StgValue>
</port>
<port id="175" name="alpha_h_V_5" dir="0" iftype="1">
<core>RAM</core><StgValue><ssdm name="alpha_h_V_5"/><MemPortTyVec>1 3 </MemPortTyVec>
</StgValue>
</port>
<port id="176" name="alpha_h_V_6" dir="0" iftype="1">
<core>RAM</core><StgValue><ssdm name="alpha_h_V_6"/><MemPortTyVec>1 3 </MemPortTyVec>
</StgValue>
</port>
<port id="177" name="alpha_h_V_7" dir="0" iftype="1">
<core>RAM</core><StgValue><ssdm name="alpha_h_V_7"/><MemPortTyVec>1 3 </MemPortTyVec>
</StgValue>
</port>
<port id="178" name="alpha_h_V_8" dir="0" iftype="1">
<core>RAM</core><StgValue><ssdm name="alpha_h_V_8"/><MemPortTyVec>1 3 </MemPortTyVec>
</StgValue>
</port>
<port id="179" name="alpha_h_V_9" dir="0" iftype="1">
<core>RAM</core><StgValue><ssdm name="alpha_h_V_9"/><MemPortTyVec>1 3 </MemPortTyVec>
</StgValue>
</port>
<port id="180" name="alpha_h_V_10" dir="0" iftype="1">
<core>RAM</core><StgValue><ssdm name="alpha_h_V_10"/><MemPortTyVec>1 3 </MemPortTyVec>
</StgValue>
</port>
<port id="181" name="alpha_h_V_11" dir="0" iftype="1">
<core>RAM</core><StgValue><ssdm name="alpha_h_V_11"/><MemPortTyVec>1 3 </MemPortTyVec>
</StgValue>
</port>
<port id="182" name="alpha_h_V_12" dir="0" iftype="1">
<core>RAM</core><StgValue><ssdm name="alpha_h_V_12"/><MemPortTyVec>1 3 </MemPortTyVec>
</StgValue>
</port>
<port id="183" name="alpha_h_V_13" dir="0" iftype="1">
<core>RAM</core><StgValue><ssdm name="alpha_h_V_13"/><MemPortTyVec>1 3 </MemPortTyVec>
</StgValue>
</port>
<port id="184" name="alpha_h_V_14" dir="0" iftype="1">
<core>RAM</core><StgValue><ssdm name="alpha_h_V_14"/><MemPortTyVec>1 3 </MemPortTyVec>
</StgValue>
</port>
<port id="185" name="alpha_h_V_15" dir="0" iftype="1">
<core>RAM</core><StgValue><ssdm name="alpha_h_V_15"/><MemPortTyVec>1 3 </MemPortTyVec>
</StgValue>
</port>
<port id="186" name="alpha_h_V_16" dir="0" iftype="1">
<core>RAM</core><StgValue><ssdm name="alpha_h_V_16"/><MemPortTyVec>1 3 </MemPortTyVec>
</StgValue>
</port>
<port id="187" name="alpha_h_V_17" dir="0" iftype="1">
<core>RAM</core><StgValue><ssdm name="alpha_h_V_17"/><MemPortTyVec>1 3 </MemPortTyVec>
</StgValue>
</port>
</ports>


<dataflows>
<dataflow id="189" from="_ssdm_op_Read.s_axilite.i256P" to="in_V_read" fromId="188" toId="8">
</dataflow>
<dataflow id="190" from="in_V" to="in_V_read" fromId="76" toId="8">
</dataflow>
<dataflow id="192" from="_ssdm_op_PartSelect.i13.i256.i32.i32" to="s_in_0_V" fromId="191" toId="9">
</dataflow>
<dataflow id="193" from="in_V_read" to="s_in_0_V" fromId="8" toId="9">
</dataflow>
<dataflow id="195" from="stg_194" to="s_in_0_V" fromId="194" toId="9">
</dataflow>
<dataflow id="197" from="stg_196" to="s_in_0_V" fromId="196" toId="9">
</dataflow>
<dataflow id="198" from="_ssdm_op_PartSelect.i13.i256.i32.i32" to="s_in_1_V" fromId="191" toId="10">
</dataflow>
<dataflow id="199" from="in_V_read" to="s_in_1_V" fromId="8" toId="10">
</dataflow>
<dataflow id="201" from="stg_200" to="s_in_1_V" fromId="200" toId="10">
</dataflow>
<dataflow id="203" from="stg_202" to="s_in_1_V" fromId="202" toId="10">
</dataflow>
<dataflow id="204" from="_ssdm_op_PartSelect.i13.i256.i32.i32" to="s_in_2_V" fromId="191" toId="11">
</dataflow>
<dataflow id="205" from="in_V_read" to="s_in_2_V" fromId="8" toId="11">
</dataflow>
<dataflow id="207" from="stg_206" to="s_in_2_V" fromId="206" toId="11">
</dataflow>
<dataflow id="209" from="stg_208" to="s_in_2_V" fromId="208" toId="11">
</dataflow>
<dataflow id="210" from="_ssdm_op_PartSelect.i13.i256.i32.i32" to="s_in_3_V" fromId="191" toId="12">
</dataflow>
<dataflow id="211" from="in_V_read" to="s_in_3_V" fromId="8" toId="12">
</dataflow>
<dataflow id="213" from="stg_212" to="s_in_3_V" fromId="212" toId="12">
</dataflow>
<dataflow id="215" from="stg_214" to="s_in_3_V" fromId="214" toId="12">
</dataflow>
<dataflow id="216" from="_ssdm_op_PartSelect.i13.i256.i32.i32" to="s_in_4_V" fromId="191" toId="13">
</dataflow>
<dataflow id="217" from="in_V_read" to="s_in_4_V" fromId="8" toId="13">
</dataflow>
<dataflow id="219" from="stg_218" to="s_in_4_V" fromId="218" toId="13">
</dataflow>
<dataflow id="221" from="stg_220" to="s_in_4_V" fromId="220" toId="13">
</dataflow>
<dataflow id="222" from="_ssdm_op_PartSelect.i13.i256.i32.i32" to="s_in_5_V" fromId="191" toId="14">
</dataflow>
<dataflow id="223" from="in_V_read" to="s_in_5_V" fromId="8" toId="14">
</dataflow>
<dataflow id="225" from="stg_224" to="s_in_5_V" fromId="224" toId="14">
</dataflow>
<dataflow id="227" from="stg_226" to="s_in_5_V" fromId="226" toId="14">
</dataflow>
<dataflow id="228" from="_ssdm_op_PartSelect.i13.i256.i32.i32" to="s_in_6_V" fromId="191" toId="15">
</dataflow>
<dataflow id="229" from="in_V_read" to="s_in_6_V" fromId="8" toId="15">
</dataflow>
<dataflow id="231" from="stg_230" to="s_in_6_V" fromId="230" toId="15">
</dataflow>
<dataflow id="233" from="stg_232" to="s_in_6_V" fromId="232" toId="15">
</dataflow>
<dataflow id="234" from="_ssdm_op_PartSelect.i13.i256.i32.i32" to="s_in_7_V" fromId="191" toId="16">
</dataflow>
<dataflow id="235" from="in_V_read" to="s_in_7_V" fromId="8" toId="16">
</dataflow>
<dataflow id="237" from="stg_236" to="s_in_7_V" fromId="236" toId="16">
</dataflow>
<dataflow id="239" from="stg_238" to="s_in_7_V" fromId="238" toId="16">
</dataflow>
<dataflow id="240" from="_ssdm_op_PartSelect.i13.i256.i32.i32" to="s_in_8_V" fromId="191" toId="17">
</dataflow>
<dataflow id="241" from="in_V_read" to="s_in_8_V" fromId="8" toId="17">
</dataflow>
<dataflow id="243" from="stg_242" to="s_in_8_V" fromId="242" toId="17">
</dataflow>
<dataflow id="245" from="stg_244" to="s_in_8_V" fromId="244" toId="17">
</dataflow>
<dataflow id="246" from="_ssdm_op_PartSelect.i13.i256.i32.i32" to="s_in_9_V" fromId="191" toId="18">
</dataflow>
<dataflow id="247" from="in_V_read" to="s_in_9_V" fromId="8" toId="18">
</dataflow>
<dataflow id="249" from="stg_248" to="s_in_9_V" fromId="248" toId="18">
</dataflow>
<dataflow id="251" from="stg_250" to="s_in_9_V" fromId="250" toId="18">
</dataflow>
<dataflow id="252" from="_ssdm_op_PartSelect.i13.i256.i32.i32" to="s_in_10_V" fromId="191" toId="19">
</dataflow>
<dataflow id="253" from="in_V_read" to="s_in_10_V" fromId="8" toId="19">
</dataflow>
<dataflow id="255" from="stg_254" to="s_in_10_V" fromId="254" toId="19">
</dataflow>
<dataflow id="257" from="stg_256" to="s_in_10_V" fromId="256" toId="19">
</dataflow>
<dataflow id="258" from="_ssdm_op_PartSelect.i13.i256.i32.i32" to="s_in_11_V" fromId="191" toId="20">
</dataflow>
<dataflow id="259" from="in_V_read" to="s_in_11_V" fromId="8" toId="20">
</dataflow>
<dataflow id="261" from="stg_260" to="s_in_11_V" fromId="260" toId="20">
</dataflow>
<dataflow id="263" from="stg_262" to="s_in_11_V" fromId="262" toId="20">
</dataflow>
<dataflow id="264" from="_ssdm_op_PartSelect.i13.i256.i32.i32" to="s_in_12_V" fromId="191" toId="21">
</dataflow>
<dataflow id="265" from="in_V_read" to="s_in_12_V" fromId="8" toId="21">
</dataflow>
<dataflow id="267" from="stg_266" to="s_in_12_V" fromId="266" toId="21">
</dataflow>
<dataflow id="269" from="stg_268" to="s_in_12_V" fromId="268" toId="21">
</dataflow>
<dataflow id="270" from="_ssdm_op_PartSelect.i13.i256.i32.i32" to="s_in_13_V" fromId="191" toId="22">
</dataflow>
<dataflow id="271" from="in_V_read" to="s_in_13_V" fromId="8" toId="22">
</dataflow>
<dataflow id="273" from="stg_272" to="s_in_13_V" fromId="272" toId="22">
</dataflow>
<dataflow id="275" from="stg_274" to="s_in_13_V" fromId="274" toId="22">
</dataflow>
<dataflow id="276" from="_ssdm_op_PartSelect.i13.i256.i32.i32" to="s_in_14_V" fromId="191" toId="23">
</dataflow>
<dataflow id="277" from="in_V_read" to="s_in_14_V" fromId="8" toId="23">
</dataflow>
<dataflow id="279" from="stg_278" to="s_in_14_V" fromId="278" toId="23">
</dataflow>
<dataflow id="281" from="stg_280" to="s_in_14_V" fromId="280" toId="23">
</dataflow>
<dataflow id="282" from="_ssdm_op_PartSelect.i13.i256.i32.i32" to="s_in_15_V" fromId="191" toId="24">
</dataflow>
<dataflow id="283" from="in_V_read" to="s_in_15_V" fromId="8" toId="24">
</dataflow>
<dataflow id="285" from="stg_284" to="s_in_15_V" fromId="284" toId="24">
</dataflow>
<dataflow id="287" from="stg_286" to="s_in_15_V" fromId="286" toId="24">
</dataflow>
<dataflow id="289" from="svm_classifier_svm_classifier_process" to="lp_res_V" fromId="288" toId="25">
</dataflow>
<dataflow id="290" from="s_in_0_V" to="lp_res_V" fromId="9" toId="25">
</dataflow>
<dataflow id="291" from="s_in_1_V" to="lp_res_V" fromId="10" toId="25">
</dataflow>
<dataflow id="292" from="s_in_2_V" to="lp_res_V" fromId="11" toId="25">
</dataflow>
<dataflow id="293" from="s_in_3_V" to="lp_res_V" fromId="12" toId="25">
</dataflow>
<dataflow id="294" from="s_in_4_V" to="lp_res_V" fromId="13" toId="25">
</dataflow>
<dataflow id="295" from="s_in_5_V" to="lp_res_V" fromId="14" toId="25">
</dataflow>
<dataflow id="296" from="s_in_6_V" to="lp_res_V" fromId="15" toId="25">
</dataflow>
<dataflow id="297" from="s_in_7_V" to="lp_res_V" fromId="16" toId="25">
</dataflow>
<dataflow id="298" from="s_in_8_V" to="lp_res_V" fromId="17" toId="25">
</dataflow>
<dataflow id="299" from="s_in_9_V" to="lp_res_V" fromId="18" toId="25">
</dataflow>
<dataflow id="300" from="s_in_10_V" to="lp_res_V" fromId="19" toId="25">
</dataflow>
<dataflow id="301" from="s_in_11_V" to="lp_res_V" fromId="20" toId="25">
</dataflow>
<dataflow id="302" from="s_in_12_V" to="lp_res_V" fromId="21" toId="25">
</dataflow>
<dataflow id="303" from="s_in_13_V" to="lp_res_V" fromId="22" toId="25">
</dataflow>
<dataflow id="304" from="s_in_14_V" to="lp_res_V" fromId="23" toId="25">
</dataflow>
<dataflow id="305" from="s_in_15_V" to="lp_res_V" fromId="24" toId="25">
</dataflow>
<dataflow id="306" from="SVs_V_0" to="lp_res_V" fromId="80" toId="25">
</dataflow>
<dataflow id="307" from="SVs_V_1" to="lp_res_V" fromId="81" toId="25">
</dataflow>
<dataflow id="308" from="SVs_V_2" to="lp_res_V" fromId="82" toId="25">
</dataflow>
<dataflow id="309" from="SVs_V_3" to="lp_res_V" fromId="83" toId="25">
</dataflow>
<dataflow id="310" from="SVs_V_4" to="lp_res_V" fromId="84" toId="25">
</dataflow>
<dataflow id="311" from="SVs_V_5" to="lp_res_V" fromId="85" toId="25">
</dataflow>
<dataflow id="312" from="SVs_V_6" to="lp_res_V" fromId="86" toId="25">
</dataflow>
<dataflow id="313" from="SVs_V_7" to="lp_res_V" fromId="87" toId="25">
</dataflow>
<dataflow id="314" from="SVs_V_8" to="lp_res_V" fromId="88" toId="25">
</dataflow>
<dataflow id="315" from="SVs_V_9" to="lp_res_V" fromId="89" toId="25">
</dataflow>
<dataflow id="316" from="SVs_V_10" to="lp_res_V" fromId="90" toId="25">
</dataflow>
<dataflow id="317" from="SVs_V_11" to="lp_res_V" fromId="91" toId="25">
</dataflow>
<dataflow id="318" from="SVs_V_12" to="lp_res_V" fromId="92" toId="25">
</dataflow>
<dataflow id="319" from="SVs_V_13" to="lp_res_V" fromId="93" toId="25">
</dataflow>
<dataflow id="320" from="SVs_V_14" to="lp_res_V" fromId="94" toId="25">
</dataflow>
<dataflow id="321" from="SVs_V_15" to="lp_res_V" fromId="95" toId="25">
</dataflow>
<dataflow id="322" from="SVs_V_16" to="lp_res_V" fromId="96" toId="25">
</dataflow>
<dataflow id="323" from="SVs_V_17" to="lp_res_V" fromId="97" toId="25">
</dataflow>
<dataflow id="324" from="alpha_V_0" to="lp_res_V" fromId="98" toId="25">
</dataflow>
<dataflow id="325" from="alpha_V_1" to="lp_res_V" fromId="99" toId="25">
</dataflow>
<dataflow id="326" from="alpha_V_2" to="lp_res_V" fromId="100" toId="25">
</dataflow>
<dataflow id="327" from="alpha_V_3" to="lp_res_V" fromId="101" toId="25">
</dataflow>
<dataflow id="328" from="alpha_V_4" to="lp_res_V" fromId="102" toId="25">
</dataflow>
<dataflow id="329" from="alpha_V_5" to="lp_res_V" fromId="103" toId="25">
</dataflow>
<dataflow id="330" from="alpha_V_6" to="lp_res_V" fromId="104" toId="25">
</dataflow>
<dataflow id="331" from="alpha_V_7" to="lp_res_V" fromId="105" toId="25">
</dataflow>
<dataflow id="332" from="alpha_V_8" to="lp_res_V" fromId="106" toId="25">
</dataflow>
<dataflow id="333" from="alpha_V_9" to="lp_res_V" fromId="107" toId="25">
</dataflow>
<dataflow id="334" from="alpha_V_10" to="lp_res_V" fromId="108" toId="25">
</dataflow>
<dataflow id="335" from="alpha_V_11" to="lp_res_V" fromId="109" toId="25">
</dataflow>
<dataflow id="336" from="alpha_V_12" to="lp_res_V" fromId="110" toId="25">
</dataflow>
<dataflow id="337" from="alpha_V_13" to="lp_res_V" fromId="111" toId="25">
</dataflow>
<dataflow id="338" from="alpha_V_14" to="lp_res_V" fromId="112" toId="25">
</dataflow>
<dataflow id="339" from="alpha_V_15" to="lp_res_V" fromId="113" toId="25">
</dataflow>
<dataflow id="340" from="alpha_V_16" to="lp_res_V" fromId="114" toId="25">
</dataflow>
<dataflow id="341" from="alpha_V_17" to="lp_res_V" fromId="115" toId="25">
</dataflow>
<dataflow id="342" from="sinh_lut_V" to="lp_res_V" fromId="78" toId="25">
</dataflow>
<dataflow id="343" from="cosh_lut_V" to="lp_res_V" fromId="79" toId="25">
</dataflow>
<dataflow id="344" from="svm_classifier_svm_classifier_process" to="lp_res_V" fromId="288" toId="26">
</dataflow>
<dataflow id="345" from="s_in_0_V" to="lp_res_V" fromId="9" toId="26">
</dataflow>
<dataflow id="346" from="s_in_1_V" to="lp_res_V" fromId="10" toId="26">
</dataflow>
<dataflow id="347" from="s_in_2_V" to="lp_res_V" fromId="11" toId="26">
</dataflow>
<dataflow id="348" from="s_in_3_V" to="lp_res_V" fromId="12" toId="26">
</dataflow>
<dataflow id="349" from="s_in_4_V" to="lp_res_V" fromId="13" toId="26">
</dataflow>
<dataflow id="350" from="s_in_5_V" to="lp_res_V" fromId="14" toId="26">
</dataflow>
<dataflow id="351" from="s_in_6_V" to="lp_res_V" fromId="15" toId="26">
</dataflow>
<dataflow id="352" from="s_in_7_V" to="lp_res_V" fromId="16" toId="26">
</dataflow>
<dataflow id="353" from="s_in_8_V" to="lp_res_V" fromId="17" toId="26">
</dataflow>
<dataflow id="354" from="s_in_9_V" to="lp_res_V" fromId="18" toId="26">
</dataflow>
<dataflow id="355" from="s_in_10_V" to="lp_res_V" fromId="19" toId="26">
</dataflow>
<dataflow id="356" from="s_in_11_V" to="lp_res_V" fromId="20" toId="26">
</dataflow>
<dataflow id="357" from="s_in_12_V" to="lp_res_V" fromId="21" toId="26">
</dataflow>
<dataflow id="358" from="s_in_13_V" to="lp_res_V" fromId="22" toId="26">
</dataflow>
<dataflow id="359" from="s_in_14_V" to="lp_res_V" fromId="23" toId="26">
</dataflow>
<dataflow id="360" from="s_in_15_V" to="lp_res_V" fromId="24" toId="26">
</dataflow>
<dataflow id="361" from="SVs_V_0" to="lp_res_V" fromId="80" toId="26">
</dataflow>
<dataflow id="362" from="SVs_V_1" to="lp_res_V" fromId="81" toId="26">
</dataflow>
<dataflow id="363" from="SVs_V_2" to="lp_res_V" fromId="82" toId="26">
</dataflow>
<dataflow id="364" from="SVs_V_3" to="lp_res_V" fromId="83" toId="26">
</dataflow>
<dataflow id="365" from="SVs_V_4" to="lp_res_V" fromId="84" toId="26">
</dataflow>
<dataflow id="366" from="SVs_V_5" to="lp_res_V" fromId="85" toId="26">
</dataflow>
<dataflow id="367" from="SVs_V_6" to="lp_res_V" fromId="86" toId="26">
</dataflow>
<dataflow id="368" from="SVs_V_7" to="lp_res_V" fromId="87" toId="26">
</dataflow>
<dataflow id="369" from="SVs_V_8" to="lp_res_V" fromId="88" toId="26">
</dataflow>
<dataflow id="370" from="SVs_V_9" to="lp_res_V" fromId="89" toId="26">
</dataflow>
<dataflow id="371" from="SVs_V_10" to="lp_res_V" fromId="90" toId="26">
</dataflow>
<dataflow id="372" from="SVs_V_11" to="lp_res_V" fromId="91" toId="26">
</dataflow>
<dataflow id="373" from="SVs_V_12" to="lp_res_V" fromId="92" toId="26">
</dataflow>
<dataflow id="374" from="SVs_V_13" to="lp_res_V" fromId="93" toId="26">
</dataflow>
<dataflow id="375" from="SVs_V_14" to="lp_res_V" fromId="94" toId="26">
</dataflow>
<dataflow id="376" from="SVs_V_15" to="lp_res_V" fromId="95" toId="26">
</dataflow>
<dataflow id="377" from="SVs_V_16" to="lp_res_V" fromId="96" toId="26">
</dataflow>
<dataflow id="378" from="SVs_V_17" to="lp_res_V" fromId="97" toId="26">
</dataflow>
<dataflow id="379" from="alpha_V_0" to="lp_res_V" fromId="98" toId="26">
</dataflow>
<dataflow id="380" from="alpha_V_1" to="lp_res_V" fromId="99" toId="26">
</dataflow>
<dataflow id="381" from="alpha_V_2" to="lp_res_V" fromId="100" toId="26">
</dataflow>
<dataflow id="382" from="alpha_V_3" to="lp_res_V" fromId="101" toId="26">
</dataflow>
<dataflow id="383" from="alpha_V_4" to="lp_res_V" fromId="102" toId="26">
</dataflow>
<dataflow id="384" from="alpha_V_5" to="lp_res_V" fromId="103" toId="26">
</dataflow>
<dataflow id="385" from="alpha_V_6" to="lp_res_V" fromId="104" toId="26">
</dataflow>
<dataflow id="386" from="alpha_V_7" to="lp_res_V" fromId="105" toId="26">
</dataflow>
<dataflow id="387" from="alpha_V_8" to="lp_res_V" fromId="106" toId="26">
</dataflow>
<dataflow id="388" from="alpha_V_9" to="lp_res_V" fromId="107" toId="26">
</dataflow>
<dataflow id="389" from="alpha_V_10" to="lp_res_V" fromId="108" toId="26">
</dataflow>
<dataflow id="390" from="alpha_V_11" to="lp_res_V" fromId="109" toId="26">
</dataflow>
<dataflow id="391" from="alpha_V_12" to="lp_res_V" fromId="110" toId="26">
</dataflow>
<dataflow id="392" from="alpha_V_13" to="lp_res_V" fromId="111" toId="26">
</dataflow>
<dataflow id="393" from="alpha_V_14" to="lp_res_V" fromId="112" toId="26">
</dataflow>
<dataflow id="394" from="alpha_V_15" to="lp_res_V" fromId="113" toId="26">
</dataflow>
<dataflow id="395" from="alpha_V_16" to="lp_res_V" fromId="114" toId="26">
</dataflow>
<dataflow id="396" from="alpha_V_17" to="lp_res_V" fromId="115" toId="26">
</dataflow>
<dataflow id="397" from="sinh_lut_V" to="lp_res_V" fromId="78" toId="26">
</dataflow>
<dataflow id="398" from="cosh_lut_V" to="lp_res_V" fromId="79" toId="26">
</dataflow>
<dataflow id="400" from="_ssdm_op_SpecBitsMap" to="stg_27" fromId="399" toId="27">
</dataflow>
<dataflow id="401" from="in_V" to="stg_27" fromId="76" toId="27">
</dataflow>
<dataflow id="402" from="_ssdm_op_SpecBitsMap" to="stg_28" fromId="399" toId="28">
</dataflow>
<dataflow id="403" from="lp_count" to="stg_28" fromId="77" toId="28">
</dataflow>
<dataflow id="404" from="_ssdm_op_SpecBitsMap" to="stg_29" fromId="399" toId="29">
</dataflow>
<dataflow id="406" from="stg_405" to="stg_29" fromId="405" toId="29">
</dataflow>
<dataflow id="408" from="_ssdm_op_SpecTopModule" to="stg_30" fromId="407" toId="30">
</dataflow>
<dataflow id="410" from="svm_classifier_str" to="stg_30" fromId="409" toId="30">
</dataflow>
<dataflow id="412" from="_ssdm_op_SpecInterface" to="stg_31" fromId="411" toId="31">
</dataflow>
<dataflow id="413" from="lp_count" to="stg_31" fromId="77" toId="31">
</dataflow>
<dataflow id="415" from="p_str" to="stg_31" fromId="414" toId="31">
</dataflow>
<dataflow id="417" from="stg_416" to="stg_31" fromId="416" toId="31">
</dataflow>
<dataflow id="418" from="stg_416" to="stg_31" fromId="416" toId="31">
</dataflow>
<dataflow id="419" from="stg_416" to="stg_31" fromId="416" toId="31">
</dataflow>
<dataflow id="420" from="stg_416" to="stg_31" fromId="416" toId="31">
</dataflow>
<dataflow id="422" from="p_str11" to="stg_31" fromId="421" toId="31">
</dataflow>
<dataflow id="423" from="p_str11" to="stg_31" fromId="421" toId="31">
</dataflow>
<dataflow id="424" from="p_str11" to="stg_31" fromId="421" toId="31">
</dataflow>
<dataflow id="425" from="stg_416" to="stg_31" fromId="416" toId="31">
</dataflow>
<dataflow id="426" from="stg_416" to="stg_31" fromId="416" toId="31">
</dataflow>
<dataflow id="427" from="stg_416" to="stg_31" fromId="416" toId="31">
</dataflow>
<dataflow id="428" from="stg_416" to="stg_31" fromId="416" toId="31">
</dataflow>
<dataflow id="429" from="p_str11" to="stg_31" fromId="421" toId="31">
</dataflow>
<dataflow id="430" from="_ssdm_op_SpecInterface" to="stg_32" fromId="411" toId="32">
</dataflow>
<dataflow id="431" from="stg_416" to="stg_32" fromId="416" toId="32">
</dataflow>
<dataflow id="432" from="p_str" to="stg_32" fromId="414" toId="32">
</dataflow>
<dataflow id="433" from="stg_416" to="stg_32" fromId="416" toId="32">
</dataflow>
<dataflow id="434" from="stg_416" to="stg_32" fromId="416" toId="32">
</dataflow>
<dataflow id="435" from="stg_416" to="stg_32" fromId="416" toId="32">
</dataflow>
<dataflow id="436" from="stg_416" to="stg_32" fromId="416" toId="32">
</dataflow>
<dataflow id="437" from="p_str11" to="stg_32" fromId="421" toId="32">
</dataflow>
<dataflow id="438" from="p_str11" to="stg_32" fromId="421" toId="32">
</dataflow>
<dataflow id="439" from="p_str11" to="stg_32" fromId="421" toId="32">
</dataflow>
<dataflow id="440" from="stg_416" to="stg_32" fromId="416" toId="32">
</dataflow>
<dataflow id="441" from="stg_416" to="stg_32" fromId="416" toId="32">
</dataflow>
<dataflow id="442" from="stg_416" to="stg_32" fromId="416" toId="32">
</dataflow>
<dataflow id="443" from="stg_416" to="stg_32" fromId="416" toId="32">
</dataflow>
<dataflow id="444" from="p_str11" to="stg_32" fromId="421" toId="32">
</dataflow>
<dataflow id="445" from="_ssdm_op_SpecInterface" to="stg_33" fromId="411" toId="33">
</dataflow>
<dataflow id="446" from="in_V" to="stg_33" fromId="76" toId="33">
</dataflow>
<dataflow id="447" from="p_str" to="stg_33" fromId="414" toId="33">
</dataflow>
<dataflow id="448" from="stg_416" to="stg_33" fromId="416" toId="33">
</dataflow>
<dataflow id="449" from="stg_416" to="stg_33" fromId="416" toId="33">
</dataflow>
<dataflow id="450" from="stg_416" to="stg_33" fromId="416" toId="33">
</dataflow>
<dataflow id="451" from="stg_416" to="stg_33" fromId="416" toId="33">
</dataflow>
<dataflow id="452" from="p_str11" to="stg_33" fromId="421" toId="33">
</dataflow>
<dataflow id="453" from="p_str11" to="stg_33" fromId="421" toId="33">
</dataflow>
<dataflow id="454" from="p_str11" to="stg_33" fromId="421" toId="33">
</dataflow>
<dataflow id="455" from="stg_416" to="stg_33" fromId="416" toId="33">
</dataflow>
<dataflow id="456" from="stg_416" to="stg_33" fromId="416" toId="33">
</dataflow>
<dataflow id="457" from="stg_416" to="stg_33" fromId="416" toId="33">
</dataflow>
<dataflow id="458" from="stg_416" to="stg_33" fromId="416" toId="33">
</dataflow>
<dataflow id="459" from="p_str11" to="stg_33" fromId="421" toId="33">
</dataflow>
<dataflow id="460" from="lp_res_V" to="tmp_15" fromId="26" toId="34">
</dataflow>
<dataflow id="461" from="tmp_15" to="r_V" fromId="34" toId="35">
</dataflow>
<dataflow id="463" from="stg_462" to="r_V" fromId="462" toId="35">
</dataflow>
<dataflow id="464" from="r_V" to="tmp_16" fromId="35" toId="36">
</dataflow>
<dataflow id="466" from="stg_465" to="tmp_16" fromId="465" toId="36">
</dataflow>
<dataflow id="467" from="r_V" to="tmp_17" fromId="35" toId="37">
</dataflow>
<dataflow id="469" from="stg_468" to="tmp_17" fromId="468" toId="37">
</dataflow>
<dataflow id="470" from="tmp_16" to="or_cond" fromId="36" toId="38">
</dataflow>
<dataflow id="471" from="tmp_17" to="or_cond" fromId="37" toId="38">
</dataflow>
<dataflow id="472" from="or_cond" to="stg_39" fromId="38" toId="39">
</dataflow>
<dataflow id="474" from="_ssdm_op_BitSelect.i1.i19.i32" to="out" fromId="473" toId="40">
</dataflow>
<dataflow id="475" from="r_V" to="out" fromId="35" toId="40">
</dataflow>
<dataflow id="477" from="stg_476" to="out" fromId="476" toId="40">
</dataflow>
<dataflow id="478" from="svm_classifier_svm_classifier_process" to="hp_res_1_V" fromId="288" toId="42">
</dataflow>
<dataflow id="479" from="s_in_0_V" to="hp_res_1_V" fromId="9" toId="42">
</dataflow>
<dataflow id="480" from="s_in_1_V" to="hp_res_1_V" fromId="10" toId="42">
</dataflow>
<dataflow id="481" from="s_in_2_V" to="hp_res_1_V" fromId="11" toId="42">
</dataflow>
<dataflow id="482" from="s_in_3_V" to="hp_res_1_V" fromId="12" toId="42">
</dataflow>
<dataflow id="483" from="s_in_4_V" to="hp_res_1_V" fromId="13" toId="42">
</dataflow>
<dataflow id="484" from="s_in_5_V" to="hp_res_1_V" fromId="14" toId="42">
</dataflow>
<dataflow id="485" from="s_in_6_V" to="hp_res_1_V" fromId="15" toId="42">
</dataflow>
<dataflow id="486" from="s_in_7_V" to="hp_res_1_V" fromId="16" toId="42">
</dataflow>
<dataflow id="487" from="s_in_8_V" to="hp_res_1_V" fromId="17" toId="42">
</dataflow>
<dataflow id="488" from="s_in_9_V" to="hp_res_1_V" fromId="18" toId="42">
</dataflow>
<dataflow id="489" from="s_in_10_V" to="hp_res_1_V" fromId="19" toId="42">
</dataflow>
<dataflow id="490" from="s_in_11_V" to="hp_res_1_V" fromId="20" toId="42">
</dataflow>
<dataflow id="491" from="s_in_12_V" to="hp_res_1_V" fromId="21" toId="42">
</dataflow>
<dataflow id="492" from="s_in_13_V" to="hp_res_1_V" fromId="22" toId="42">
</dataflow>
<dataflow id="493" from="s_in_14_V" to="hp_res_1_V" fromId="23" toId="42">
</dataflow>
<dataflow id="494" from="s_in_15_V" to="hp_res_1_V" fromId="24" toId="42">
</dataflow>
<dataflow id="495" from="SVs_l_V_0" to="hp_res_1_V" fromId="116" toId="42">
</dataflow>
<dataflow id="496" from="SVs_l_V_1" to="hp_res_1_V" fromId="117" toId="42">
</dataflow>
<dataflow id="497" from="SVs_l_V_2" to="hp_res_1_V" fromId="118" toId="42">
</dataflow>
<dataflow id="498" from="SVs_l_V_3" to="hp_res_1_V" fromId="119" toId="42">
</dataflow>
<dataflow id="499" from="SVs_l_V_4" to="hp_res_1_V" fromId="120" toId="42">
</dataflow>
<dataflow id="500" from="SVs_l_V_5" to="hp_res_1_V" fromId="121" toId="42">
</dataflow>
<dataflow id="501" from="SVs_l_V_6" to="hp_res_1_V" fromId="122" toId="42">
</dataflow>
<dataflow id="502" from="SVs_l_V_7" to="hp_res_1_V" fromId="123" toId="42">
</dataflow>
<dataflow id="503" from="SVs_l_V_8" to="hp_res_1_V" fromId="124" toId="42">
</dataflow>
<dataflow id="504" from="SVs_l_V_9" to="hp_res_1_V" fromId="125" toId="42">
</dataflow>
<dataflow id="505" from="SVs_l_V_10" to="hp_res_1_V" fromId="126" toId="42">
</dataflow>
<dataflow id="506" from="SVs_l_V_11" to="hp_res_1_V" fromId="127" toId="42">
</dataflow>
<dataflow id="507" from="SVs_l_V_12" to="hp_res_1_V" fromId="128" toId="42">
</dataflow>
<dataflow id="508" from="SVs_l_V_13" to="hp_res_1_V" fromId="129" toId="42">
</dataflow>
<dataflow id="509" from="SVs_l_V_14" to="hp_res_1_V" fromId="130" toId="42">
</dataflow>
<dataflow id="510" from="SVs_l_V_15" to="hp_res_1_V" fromId="131" toId="42">
</dataflow>
<dataflow id="511" from="SVs_l_V_16" to="hp_res_1_V" fromId="132" toId="42">
</dataflow>
<dataflow id="512" from="SVs_l_V_17" to="hp_res_1_V" fromId="133" toId="42">
</dataflow>
<dataflow id="513" from="alpha_l_V_0" to="hp_res_1_V" fromId="134" toId="42">
</dataflow>
<dataflow id="514" from="alpha_l_V_1" to="hp_res_1_V" fromId="135" toId="42">
</dataflow>
<dataflow id="515" from="alpha_l_V_2" to="hp_res_1_V" fromId="136" toId="42">
</dataflow>
<dataflow id="516" from="alpha_l_V_3" to="hp_res_1_V" fromId="137" toId="42">
</dataflow>
<dataflow id="517" from="alpha_l_V_4" to="hp_res_1_V" fromId="138" toId="42">
</dataflow>
<dataflow id="518" from="alpha_l_V_5" to="hp_res_1_V" fromId="139" toId="42">
</dataflow>
<dataflow id="519" from="alpha_l_V_6" to="hp_res_1_V" fromId="140" toId="42">
</dataflow>
<dataflow id="520" from="alpha_l_V_7" to="hp_res_1_V" fromId="141" toId="42">
</dataflow>
<dataflow id="521" from="alpha_l_V_8" to="hp_res_1_V" fromId="142" toId="42">
</dataflow>
<dataflow id="522" from="alpha_l_V_9" to="hp_res_1_V" fromId="143" toId="42">
</dataflow>
<dataflow id="523" from="alpha_l_V_10" to="hp_res_1_V" fromId="144" toId="42">
</dataflow>
<dataflow id="524" from="alpha_l_V_11" to="hp_res_1_V" fromId="145" toId="42">
</dataflow>
<dataflow id="525" from="alpha_l_V_12" to="hp_res_1_V" fromId="146" toId="42">
</dataflow>
<dataflow id="526" from="alpha_l_V_13" to="hp_res_1_V" fromId="147" toId="42">
</dataflow>
<dataflow id="527" from="alpha_l_V_14" to="hp_res_1_V" fromId="148" toId="42">
</dataflow>
<dataflow id="528" from="alpha_l_V_15" to="hp_res_1_V" fromId="149" toId="42">
</dataflow>
<dataflow id="529" from="alpha_l_V_16" to="hp_res_1_V" fromId="150" toId="42">
</dataflow>
<dataflow id="530" from="alpha_l_V_17" to="hp_res_1_V" fromId="151" toId="42">
</dataflow>
<dataflow id="531" from="sinh_lut_V" to="hp_res_1_V" fromId="78" toId="42">
</dataflow>
<dataflow id="532" from="cosh_lut_V" to="hp_res_1_V" fromId="79" toId="42">
</dataflow>
<dataflow id="533" from="svm_classifier_svm_classifier_process" to="hp_res_1_V" fromId="288" toId="43">
</dataflow>
<dataflow id="534" from="s_in_0_V" to="hp_res_1_V" fromId="9" toId="43">
</dataflow>
<dataflow id="535" from="s_in_1_V" to="hp_res_1_V" fromId="10" toId="43">
</dataflow>
<dataflow id="536" from="s_in_2_V" to="hp_res_1_V" fromId="11" toId="43">
</dataflow>
<dataflow id="537" from="s_in_3_V" to="hp_res_1_V" fromId="12" toId="43">
</dataflow>
<dataflow id="538" from="s_in_4_V" to="hp_res_1_V" fromId="13" toId="43">
</dataflow>
<dataflow id="539" from="s_in_5_V" to="hp_res_1_V" fromId="14" toId="43">
</dataflow>
<dataflow id="540" from="s_in_6_V" to="hp_res_1_V" fromId="15" toId="43">
</dataflow>
<dataflow id="541" from="s_in_7_V" to="hp_res_1_V" fromId="16" toId="43">
</dataflow>
<dataflow id="542" from="s_in_8_V" to="hp_res_1_V" fromId="17" toId="43">
</dataflow>
<dataflow id="543" from="s_in_9_V" to="hp_res_1_V" fromId="18" toId="43">
</dataflow>
<dataflow id="544" from="s_in_10_V" to="hp_res_1_V" fromId="19" toId="43">
</dataflow>
<dataflow id="545" from="s_in_11_V" to="hp_res_1_V" fromId="20" toId="43">
</dataflow>
<dataflow id="546" from="s_in_12_V" to="hp_res_1_V" fromId="21" toId="43">
</dataflow>
<dataflow id="547" from="s_in_13_V" to="hp_res_1_V" fromId="22" toId="43">
</dataflow>
<dataflow id="548" from="s_in_14_V" to="hp_res_1_V" fromId="23" toId="43">
</dataflow>
<dataflow id="549" from="s_in_15_V" to="hp_res_1_V" fromId="24" toId="43">
</dataflow>
<dataflow id="550" from="SVs_l_V_0" to="hp_res_1_V" fromId="116" toId="43">
</dataflow>
<dataflow id="551" from="SVs_l_V_1" to="hp_res_1_V" fromId="117" toId="43">
</dataflow>
<dataflow id="552" from="SVs_l_V_2" to="hp_res_1_V" fromId="118" toId="43">
</dataflow>
<dataflow id="553" from="SVs_l_V_3" to="hp_res_1_V" fromId="119" toId="43">
</dataflow>
<dataflow id="554" from="SVs_l_V_4" to="hp_res_1_V" fromId="120" toId="43">
</dataflow>
<dataflow id="555" from="SVs_l_V_5" to="hp_res_1_V" fromId="121" toId="43">
</dataflow>
<dataflow id="556" from="SVs_l_V_6" to="hp_res_1_V" fromId="122" toId="43">
</dataflow>
<dataflow id="557" from="SVs_l_V_7" to="hp_res_1_V" fromId="123" toId="43">
</dataflow>
<dataflow id="558" from="SVs_l_V_8" to="hp_res_1_V" fromId="124" toId="43">
</dataflow>
<dataflow id="559" from="SVs_l_V_9" to="hp_res_1_V" fromId="125" toId="43">
</dataflow>
<dataflow id="560" from="SVs_l_V_10" to="hp_res_1_V" fromId="126" toId="43">
</dataflow>
<dataflow id="561" from="SVs_l_V_11" to="hp_res_1_V" fromId="127" toId="43">
</dataflow>
<dataflow id="562" from="SVs_l_V_12" to="hp_res_1_V" fromId="128" toId="43">
</dataflow>
<dataflow id="563" from="SVs_l_V_13" to="hp_res_1_V" fromId="129" toId="43">
</dataflow>
<dataflow id="564" from="SVs_l_V_14" to="hp_res_1_V" fromId="130" toId="43">
</dataflow>
<dataflow id="565" from="SVs_l_V_15" to="hp_res_1_V" fromId="131" toId="43">
</dataflow>
<dataflow id="566" from="SVs_l_V_16" to="hp_res_1_V" fromId="132" toId="43">
</dataflow>
<dataflow id="567" from="SVs_l_V_17" to="hp_res_1_V" fromId="133" toId="43">
</dataflow>
<dataflow id="568" from="alpha_l_V_0" to="hp_res_1_V" fromId="134" toId="43">
</dataflow>
<dataflow id="569" from="alpha_l_V_1" to="hp_res_1_V" fromId="135" toId="43">
</dataflow>
<dataflow id="570" from="alpha_l_V_2" to="hp_res_1_V" fromId="136" toId="43">
</dataflow>
<dataflow id="571" from="alpha_l_V_3" to="hp_res_1_V" fromId="137" toId="43">
</dataflow>
<dataflow id="572" from="alpha_l_V_4" to="hp_res_1_V" fromId="138" toId="43">
</dataflow>
<dataflow id="573" from="alpha_l_V_5" to="hp_res_1_V" fromId="139" toId="43">
</dataflow>
<dataflow id="574" from="alpha_l_V_6" to="hp_res_1_V" fromId="140" toId="43">
</dataflow>
<dataflow id="575" from="alpha_l_V_7" to="hp_res_1_V" fromId="141" toId="43">
</dataflow>
<dataflow id="576" from="alpha_l_V_8" to="hp_res_1_V" fromId="142" toId="43">
</dataflow>
<dataflow id="577" from="alpha_l_V_9" to="hp_res_1_V" fromId="143" toId="43">
</dataflow>
<dataflow id="578" from="alpha_l_V_10" to="hp_res_1_V" fromId="144" toId="43">
</dataflow>
<dataflow id="579" from="alpha_l_V_11" to="hp_res_1_V" fromId="145" toId="43">
</dataflow>
<dataflow id="580" from="alpha_l_V_12" to="hp_res_1_V" fromId="146" toId="43">
</dataflow>
<dataflow id="581" from="alpha_l_V_13" to="hp_res_1_V" fromId="147" toId="43">
</dataflow>
<dataflow id="582" from="alpha_l_V_14" to="hp_res_1_V" fromId="148" toId="43">
</dataflow>
<dataflow id="583" from="alpha_l_V_15" to="hp_res_1_V" fromId="149" toId="43">
</dataflow>
<dataflow id="584" from="alpha_l_V_16" to="hp_res_1_V" fromId="150" toId="43">
</dataflow>
<dataflow id="585" from="alpha_l_V_17" to="hp_res_1_V" fromId="151" toId="43">
</dataflow>
<dataflow id="586" from="sinh_lut_V" to="hp_res_1_V" fromId="78" toId="43">
</dataflow>
<dataflow id="587" from="cosh_lut_V" to="hp_res_1_V" fromId="79" toId="43">
</dataflow>
<dataflow id="588" from="hp_res_1_V" to="tmp_18" fromId="43" toId="44">
</dataflow>
<dataflow id="589" from="tmp_18" to="p_Val2_2" fromId="44" toId="45">
</dataflow>
<dataflow id="590" from="tmp_15" to="p_Val2_2" fromId="34" toId="45">
</dataflow>
<dataflow id="591" from="p_Val2_2" to="tmp_19" fromId="45" toId="46">
</dataflow>
<dataflow id="592" from="tmp_19" to="r_V_1" fromId="46" toId="47">
</dataflow>
<dataflow id="594" from="stg_593" to="r_V_1" fromId="593" toId="47">
</dataflow>
<dataflow id="595" from="r_V_1" to="tmp_20" fromId="47" toId="48">
</dataflow>
<dataflow id="597" from="stg_596" to="tmp_20" fromId="596" toId="48">
</dataflow>
<dataflow id="598" from="r_V_1" to="tmp_21" fromId="47" toId="49">
</dataflow>
<dataflow id="600" from="stg_599" to="tmp_21" fromId="599" toId="49">
</dataflow>
<dataflow id="601" from="tmp_20" to="or_cond1" fromId="48" toId="50">
</dataflow>
<dataflow id="602" from="tmp_21" to="or_cond1" fromId="49" toId="50">
</dataflow>
<dataflow id="603" from="or_cond1" to="stg_51" fromId="50" toId="51">
</dataflow>
<dataflow id="605" from="_ssdm_op_BitSelect.i1.i20.i32" to="out_3" fromId="604" toId="52">
</dataflow>
<dataflow id="606" from="r_V_1" to="out_3" fromId="47" toId="52">
</dataflow>
<dataflow id="607" from="stg_200" to="out_3" fromId="200" toId="52">
</dataflow>
<dataflow id="608" from="svm_classifier_svm_classifier_process" to="hp_res_2_V" fromId="288" toId="54">
</dataflow>
<dataflow id="609" from="s_in_0_V" to="hp_res_2_V" fromId="9" toId="54">
</dataflow>
<dataflow id="610" from="s_in_1_V" to="hp_res_2_V" fromId="10" toId="54">
</dataflow>
<dataflow id="611" from="s_in_2_V" to="hp_res_2_V" fromId="11" toId="54">
</dataflow>
<dataflow id="612" from="s_in_3_V" to="hp_res_2_V" fromId="12" toId="54">
</dataflow>
<dataflow id="613" from="s_in_4_V" to="hp_res_2_V" fromId="13" toId="54">
</dataflow>
<dataflow id="614" from="s_in_5_V" to="hp_res_2_V" fromId="14" toId="54">
</dataflow>
<dataflow id="615" from="s_in_6_V" to="hp_res_2_V" fromId="15" toId="54">
</dataflow>
<dataflow id="616" from="s_in_7_V" to="hp_res_2_V" fromId="16" toId="54">
</dataflow>
<dataflow id="617" from="s_in_8_V" to="hp_res_2_V" fromId="17" toId="54">
</dataflow>
<dataflow id="618" from="s_in_9_V" to="hp_res_2_V" fromId="18" toId="54">
</dataflow>
<dataflow id="619" from="s_in_10_V" to="hp_res_2_V" fromId="19" toId="54">
</dataflow>
<dataflow id="620" from="s_in_11_V" to="hp_res_2_V" fromId="20" toId="54">
</dataflow>
<dataflow id="621" from="s_in_12_V" to="hp_res_2_V" fromId="21" toId="54">
</dataflow>
<dataflow id="622" from="s_in_13_V" to="hp_res_2_V" fromId="22" toId="54">
</dataflow>
<dataflow id="623" from="s_in_14_V" to="hp_res_2_V" fromId="23" toId="54">
</dataflow>
<dataflow id="624" from="s_in_15_V" to="hp_res_2_V" fromId="24" toId="54">
</dataflow>
<dataflow id="625" from="SVs_h_V_0" to="hp_res_2_V" fromId="152" toId="54">
</dataflow>
<dataflow id="626" from="SVs_h_V_1" to="hp_res_2_V" fromId="153" toId="54">
</dataflow>
<dataflow id="627" from="SVs_h_V_2" to="hp_res_2_V" fromId="154" toId="54">
</dataflow>
<dataflow id="628" from="SVs_h_V_3" to="hp_res_2_V" fromId="155" toId="54">
</dataflow>
<dataflow id="629" from="SVs_h_V_4" to="hp_res_2_V" fromId="156" toId="54">
</dataflow>
<dataflow id="630" from="SVs_h_V_5" to="hp_res_2_V" fromId="157" toId="54">
</dataflow>
<dataflow id="631" from="SVs_h_V_6" to="hp_res_2_V" fromId="158" toId="54">
</dataflow>
<dataflow id="632" from="SVs_h_V_7" to="hp_res_2_V" fromId="159" toId="54">
</dataflow>
<dataflow id="633" from="SVs_h_V_8" to="hp_res_2_V" fromId="160" toId="54">
</dataflow>
<dataflow id="634" from="SVs_h_V_9" to="hp_res_2_V" fromId="161" toId="54">
</dataflow>
<dataflow id="635" from="SVs_h_V_10" to="hp_res_2_V" fromId="162" toId="54">
</dataflow>
<dataflow id="636" from="SVs_h_V_11" to="hp_res_2_V" fromId="163" toId="54">
</dataflow>
<dataflow id="637" from="SVs_h_V_12" to="hp_res_2_V" fromId="164" toId="54">
</dataflow>
<dataflow id="638" from="SVs_h_V_13" to="hp_res_2_V" fromId="165" toId="54">
</dataflow>
<dataflow id="639" from="SVs_h_V_14" to="hp_res_2_V" fromId="166" toId="54">
</dataflow>
<dataflow id="640" from="SVs_h_V_15" to="hp_res_2_V" fromId="167" toId="54">
</dataflow>
<dataflow id="641" from="SVs_h_V_16" to="hp_res_2_V" fromId="168" toId="54">
</dataflow>
<dataflow id="642" from="SVs_h_V_17" to="hp_res_2_V" fromId="169" toId="54">
</dataflow>
<dataflow id="643" from="alpha_h_V_0" to="hp_res_2_V" fromId="170" toId="54">
</dataflow>
<dataflow id="644" from="alpha_h_V_1" to="hp_res_2_V" fromId="171" toId="54">
</dataflow>
<dataflow id="645" from="alpha_h_V_2" to="hp_res_2_V" fromId="172" toId="54">
</dataflow>
<dataflow id="646" from="alpha_h_V_3" to="hp_res_2_V" fromId="173" toId="54">
</dataflow>
<dataflow id="647" from="alpha_h_V_4" to="hp_res_2_V" fromId="174" toId="54">
</dataflow>
<dataflow id="648" from="alpha_h_V_5" to="hp_res_2_V" fromId="175" toId="54">
</dataflow>
<dataflow id="649" from="alpha_h_V_6" to="hp_res_2_V" fromId="176" toId="54">
</dataflow>
<dataflow id="650" from="alpha_h_V_7" to="hp_res_2_V" fromId="177" toId="54">
</dataflow>
<dataflow id="651" from="alpha_h_V_8" to="hp_res_2_V" fromId="178" toId="54">
</dataflow>
<dataflow id="652" from="alpha_h_V_9" to="hp_res_2_V" fromId="179" toId="54">
</dataflow>
<dataflow id="653" from="alpha_h_V_10" to="hp_res_2_V" fromId="180" toId="54">
</dataflow>
<dataflow id="654" from="alpha_h_V_11" to="hp_res_2_V" fromId="181" toId="54">
</dataflow>
<dataflow id="655" from="alpha_h_V_12" to="hp_res_2_V" fromId="182" toId="54">
</dataflow>
<dataflow id="656" from="alpha_h_V_13" to="hp_res_2_V" fromId="183" toId="54">
</dataflow>
<dataflow id="657" from="alpha_h_V_14" to="hp_res_2_V" fromId="184" toId="54">
</dataflow>
<dataflow id="658" from="alpha_h_V_15" to="hp_res_2_V" fromId="185" toId="54">
</dataflow>
<dataflow id="659" from="alpha_h_V_16" to="hp_res_2_V" fromId="186" toId="54">
</dataflow>
<dataflow id="660" from="alpha_h_V_17" to="hp_res_2_V" fromId="187" toId="54">
</dataflow>
<dataflow id="661" from="sinh_lut_V" to="hp_res_2_V" fromId="78" toId="54">
</dataflow>
<dataflow id="662" from="cosh_lut_V" to="hp_res_2_V" fromId="79" toId="54">
</dataflow>
<dataflow id="663" from="svm_classifier_svm_classifier_process" to="hp_res_2_V" fromId="288" toId="55">
</dataflow>
<dataflow id="664" from="s_in_0_V" to="hp_res_2_V" fromId="9" toId="55">
</dataflow>
<dataflow id="665" from="s_in_1_V" to="hp_res_2_V" fromId="10" toId="55">
</dataflow>
<dataflow id="666" from="s_in_2_V" to="hp_res_2_V" fromId="11" toId="55">
</dataflow>
<dataflow id="667" from="s_in_3_V" to="hp_res_2_V" fromId="12" toId="55">
</dataflow>
<dataflow id="668" from="s_in_4_V" to="hp_res_2_V" fromId="13" toId="55">
</dataflow>
<dataflow id="669" from="s_in_5_V" to="hp_res_2_V" fromId="14" toId="55">
</dataflow>
<dataflow id="670" from="s_in_6_V" to="hp_res_2_V" fromId="15" toId="55">
</dataflow>
<dataflow id="671" from="s_in_7_V" to="hp_res_2_V" fromId="16" toId="55">
</dataflow>
<dataflow id="672" from="s_in_8_V" to="hp_res_2_V" fromId="17" toId="55">
</dataflow>
<dataflow id="673" from="s_in_9_V" to="hp_res_2_V" fromId="18" toId="55">
</dataflow>
<dataflow id="674" from="s_in_10_V" to="hp_res_2_V" fromId="19" toId="55">
</dataflow>
<dataflow id="675" from="s_in_11_V" to="hp_res_2_V" fromId="20" toId="55">
</dataflow>
<dataflow id="676" from="s_in_12_V" to="hp_res_2_V" fromId="21" toId="55">
</dataflow>
<dataflow id="677" from="s_in_13_V" to="hp_res_2_V" fromId="22" toId="55">
</dataflow>
<dataflow id="678" from="s_in_14_V" to="hp_res_2_V" fromId="23" toId="55">
</dataflow>
<dataflow id="679" from="s_in_15_V" to="hp_res_2_V" fromId="24" toId="55">
</dataflow>
<dataflow id="680" from="SVs_h_V_0" to="hp_res_2_V" fromId="152" toId="55">
</dataflow>
<dataflow id="681" from="SVs_h_V_1" to="hp_res_2_V" fromId="153" toId="55">
</dataflow>
<dataflow id="682" from="SVs_h_V_2" to="hp_res_2_V" fromId="154" toId="55">
</dataflow>
<dataflow id="683" from="SVs_h_V_3" to="hp_res_2_V" fromId="155" toId="55">
</dataflow>
<dataflow id="684" from="SVs_h_V_4" to="hp_res_2_V" fromId="156" toId="55">
</dataflow>
<dataflow id="685" from="SVs_h_V_5" to="hp_res_2_V" fromId="157" toId="55">
</dataflow>
<dataflow id="686" from="SVs_h_V_6" to="hp_res_2_V" fromId="158" toId="55">
</dataflow>
<dataflow id="687" from="SVs_h_V_7" to="hp_res_2_V" fromId="159" toId="55">
</dataflow>
<dataflow id="688" from="SVs_h_V_8" to="hp_res_2_V" fromId="160" toId="55">
</dataflow>
<dataflow id="689" from="SVs_h_V_9" to="hp_res_2_V" fromId="161" toId="55">
</dataflow>
<dataflow id="690" from="SVs_h_V_10" to="hp_res_2_V" fromId="162" toId="55">
</dataflow>
<dataflow id="691" from="SVs_h_V_11" to="hp_res_2_V" fromId="163" toId="55">
</dataflow>
<dataflow id="692" from="SVs_h_V_12" to="hp_res_2_V" fromId="164" toId="55">
</dataflow>
<dataflow id="693" from="SVs_h_V_13" to="hp_res_2_V" fromId="165" toId="55">
</dataflow>
<dataflow id="694" from="SVs_h_V_14" to="hp_res_2_V" fromId="166" toId="55">
</dataflow>
<dataflow id="695" from="SVs_h_V_15" to="hp_res_2_V" fromId="167" toId="55">
</dataflow>
<dataflow id="696" from="SVs_h_V_16" to="hp_res_2_V" fromId="168" toId="55">
</dataflow>
<dataflow id="697" from="SVs_h_V_17" to="hp_res_2_V" fromId="169" toId="55">
</dataflow>
<dataflow id="698" from="alpha_h_V_0" to="hp_res_2_V" fromId="170" toId="55">
</dataflow>
<dataflow id="699" from="alpha_h_V_1" to="hp_res_2_V" fromId="171" toId="55">
</dataflow>
<dataflow id="700" from="alpha_h_V_2" to="hp_res_2_V" fromId="172" toId="55">
</dataflow>
<dataflow id="701" from="alpha_h_V_3" to="hp_res_2_V" fromId="173" toId="55">
</dataflow>
<dataflow id="702" from="alpha_h_V_4" to="hp_res_2_V" fromId="174" toId="55">
</dataflow>
<dataflow id="703" from="alpha_h_V_5" to="hp_res_2_V" fromId="175" toId="55">
</dataflow>
<dataflow id="704" from="alpha_h_V_6" to="hp_res_2_V" fromId="176" toId="55">
</dataflow>
<dataflow id="705" from="alpha_h_V_7" to="hp_res_2_V" fromId="177" toId="55">
</dataflow>
<dataflow id="706" from="alpha_h_V_8" to="hp_res_2_V" fromId="178" toId="55">
</dataflow>
<dataflow id="707" from="alpha_h_V_9" to="hp_res_2_V" fromId="179" toId="55">
</dataflow>
<dataflow id="708" from="alpha_h_V_10" to="hp_res_2_V" fromId="180" toId="55">
</dataflow>
<dataflow id="709" from="alpha_h_V_11" to="hp_res_2_V" fromId="181" toId="55">
</dataflow>
<dataflow id="710" from="alpha_h_V_12" to="hp_res_2_V" fromId="182" toId="55">
</dataflow>
<dataflow id="711" from="alpha_h_V_13" to="hp_res_2_V" fromId="183" toId="55">
</dataflow>
<dataflow id="712" from="alpha_h_V_14" to="hp_res_2_V" fromId="184" toId="55">
</dataflow>
<dataflow id="713" from="alpha_h_V_15" to="hp_res_2_V" fromId="185" toId="55">
</dataflow>
<dataflow id="714" from="alpha_h_V_16" to="hp_res_2_V" fromId="186" toId="55">
</dataflow>
<dataflow id="715" from="alpha_h_V_17" to="hp_res_2_V" fromId="187" toId="55">
</dataflow>
<dataflow id="716" from="sinh_lut_V" to="hp_res_2_V" fromId="78" toId="55">
</dataflow>
<dataflow id="717" from="cosh_lut_V" to="hp_res_2_V" fromId="79" toId="55">
</dataflow>
<dataflow id="718" from="hp_res_2_V" to="tmp_22" fromId="55" toId="56">
</dataflow>
<dataflow id="719" from="tmp_19" to="p_Val2_4" fromId="46" toId="57">
</dataflow>
<dataflow id="720" from="tmp_22" to="p_Val2_4" fromId="56" toId="57">
</dataflow>
<dataflow id="721" from="p_Val2_4" to="r_V_2" fromId="57" toId="58">
</dataflow>
<dataflow id="722" from="stg_593" to="r_V_2" fromId="593" toId="58">
</dataflow>
<dataflow id="723" from="_ssdm_op_BitSelect.i1.i20.i32" to="out_2" fromId="604" toId="59">
</dataflow>
<dataflow id="724" from="r_V_2" to="out_2" fromId="58" toId="59">
</dataflow>
<dataflow id="725" from="stg_200" to="out_2" fromId="200" toId="59">
</dataflow>
<dataflow id="727" from="stg_726" to="storemerge" fromId="726" toId="61">
<condition id="38">
<or_exp><and_exp><literal name="or_cond" val="0"/>
</and_exp></or_exp>
</condition>
</dataflow>
<dataflow id="728" from="stg_41" to="storemerge" fromId="41" toId="61">
</dataflow>
<dataflow id="729" from="stg_405" to="storemerge" fromId="405" toId="61">
<condition id="39">
<or_exp><and_exp></and_exp></or_exp>
</condition>
</dataflow>
<dataflow id="730" from="stg_60" to="storemerge" fromId="60" toId="61">
</dataflow>
<dataflow id="731" from="stg_405" to="storemerge" fromId="405" toId="61">
<condition id="40">
<or_exp><and_exp><literal name="or_cond1" val="0"/>
</and_exp></or_exp>
</condition>
</dataflow>
<dataflow id="732" from="stg_53" to="storemerge" fromId="53" toId="61">
</dataflow>
<dataflow id="733" from="out" to="out_1" fromId="40" toId="62">
<condition id="41">
<or_exp><and_exp><literal name="or_cond" val="0"/>
</and_exp></or_exp>
</condition>
</dataflow>
<dataflow id="734" from="stg_41" to="out_1" fromId="41" toId="62">
</dataflow>
<dataflow id="735" from="out_2" to="out_1" fromId="59" toId="62">
<condition id="42">
<or_exp><and_exp></and_exp></or_exp>
</condition>
</dataflow>
<dataflow id="736" from="stg_60" to="out_1" fromId="60" toId="62">
</dataflow>
<dataflow id="737" from="out_3" to="out_1" fromId="52" toId="62">
<condition id="43">
<or_exp><and_exp><literal name="or_cond1" val="0"/>
</and_exp></or_exp>
</condition>
</dataflow>
<dataflow id="738" from="stg_53" to="out_1" fromId="53" toId="62">
</dataflow>
<dataflow id="739" from="storemerge" to="storemerge_cast" fromId="61" toId="63">
</dataflow>
<dataflow id="741" from="_ssdm_op_Write.s_axilite.i32P" to="stg_64" fromId="740" toId="64">
</dataflow>
<dataflow id="742" from="lp_count" to="stg_64" fromId="77" toId="64">
</dataflow>
<dataflow id="743" from="storemerge_cast" to="stg_64" fromId="63" toId="64">
</dataflow>
<dataflow id="744" from="out_1" to="stg_65" fromId="62" toId="65">
</dataflow>
<dataflow id="745" from="or_cond" to="stg_3" fromId="38" toId="3">
</dataflow>
<dataflow id="746" from="or_cond1" to="stg_5" fromId="50" toId="5">
</dataflow>
</dataflows>


</stg>
