<?xml version="1.0" encoding="UTF-8"?>
<vivadoHLSLog:LogRoot xmlns:vivadoHLSLog="www.xilinx.com/vivadoHLSLog">
  <errorLogs>
    <logs>
      <synLog/>
      <simLog/>
      <mgLog/>
      <packageLog/>
      <csimLog/>
    </logs>
  </errorLogs>
  <warningLogs>
    <logs>
      <synLog>
        <logs message="WARNING: [RTMG 210-274] Memory 'svm_classifier_alpha_h_V_17' is read-only, switch it to a ROM." projectName="svm_classifier_cascade_prj" solutionName="solution1" date="2018-03-22T11:46:30.273+0000" type="Warning"/>
        <logs message="WARNING: [RTMG 210-274] Memory 'svm_classifier_alpha_h_V_16' is read-only, switch it to a ROM." projectName="svm_classifier_cascade_prj" solutionName="solution1" date="2018-03-22T11:46:30.210+0000" type="Warning"/>
        <logs message="WARNING: [RTMG 210-274] Memory 'svm_classifier_alpha_h_V_15' is read-only, switch it to a ROM." projectName="svm_classifier_cascade_prj" solutionName="solution1" date="2018-03-22T11:46:30.148+0000" type="Warning"/>
        <logs message="WARNING: [RTMG 210-274] Memory 'svm_classifier_alpha_h_V_14' is read-only, switch it to a ROM." projectName="svm_classifier_cascade_prj" solutionName="solution1" date="2018-03-22T11:46:30.101+0000" type="Warning"/>
        <logs message="WARNING: [RTMG 210-274] Memory 'svm_classifier_alpha_h_V_13' is read-only, switch it to a ROM." projectName="svm_classifier_cascade_prj" solutionName="solution1" date="2018-03-22T11:46:30.054+0000" type="Warning"/>
        <logs message="WARNING: [RTMG 210-274] Memory 'svm_classifier_alpha_h_V_12' is read-only, switch it to a ROM." projectName="svm_classifier_cascade_prj" solutionName="solution1" date="2018-03-22T11:46:30.007+0000" type="Warning"/>
        <logs message="WARNING: [RTMG 210-274] Memory 'svm_classifier_alpha_h_V_11' is read-only, switch it to a ROM." projectName="svm_classifier_cascade_prj" solutionName="solution1" date="2018-03-22T11:46:29.960+0000" type="Warning"/>
        <logs message="WARNING: [RTMG 210-274] Memory 'svm_classifier_alpha_h_V_10' is read-only, switch it to a ROM." projectName="svm_classifier_cascade_prj" solutionName="solution1" date="2018-03-22T11:46:29.898+0000" type="Warning"/>
        <logs message="WARNING: [RTMG 210-274] Memory 'svm_classifier_alpha_h_V_9' is read-only, switch it to a ROM." projectName="svm_classifier_cascade_prj" solutionName="solution1" date="2018-03-22T11:46:29.851+0000" type="Warning"/>
        <logs message="WARNING: [RTMG 210-274] Memory 'svm_classifier_alpha_h_V_8' is read-only, switch it to a ROM." projectName="svm_classifier_cascade_prj" solutionName="solution1" date="2018-03-22T11:46:29.820+0000" type="Warning"/>
        <logs message="WARNING: [RTMG 210-274] Memory 'svm_classifier_alpha_h_V_7' is read-only, switch it to a ROM." projectName="svm_classifier_cascade_prj" solutionName="solution1" date="2018-03-22T11:46:29.788+0000" type="Warning"/>
        <logs message="WARNING: [RTMG 210-274] Memory 'svm_classifier_alpha_h_V_6' is read-only, switch it to a ROM." projectName="svm_classifier_cascade_prj" solutionName="solution1" date="2018-03-22T11:46:29.741+0000" type="Warning"/>
        <logs message="WARNING: [RTMG 210-274] Memory 'svm_classifier_alpha_h_V_5' is read-only, switch it to a ROM." projectName="svm_classifier_cascade_prj" solutionName="solution1" date="2018-03-22T11:46:29.695+0000" type="Warning"/>
        <logs message="WARNING: [RTMG 210-274] Memory 'svm_classifier_alpha_h_V_4' is read-only, switch it to a ROM." projectName="svm_classifier_cascade_prj" solutionName="solution1" date="2018-03-22T11:46:29.648+0000" type="Warning"/>
        <logs message="WARNING: [RTMG 210-274] Memory 'svm_classifier_alpha_h_V_3' is read-only, switch it to a ROM." projectName="svm_classifier_cascade_prj" solutionName="solution1" date="2018-03-22T11:46:29.601+0000" type="Warning"/>
        <logs message="WARNING: [RTMG 210-274] Memory 'svm_classifier_alpha_h_V_2' is read-only, switch it to a ROM." projectName="svm_classifier_cascade_prj" solutionName="solution1" date="2018-03-22T11:46:29.570+0000" type="Warning"/>
        <logs message="WARNING: [RTMG 210-274] Memory 'svm_classifier_alpha_h_V_1' is read-only, switch it to a ROM." projectName="svm_classifier_cascade_prj" solutionName="solution1" date="2018-03-22T11:46:29.523+0000" type="Warning"/>
        <logs message="WARNING: [RTMG 210-274] Memory 'svm_classifier_alpha_h_V_0' is read-only, switch it to a ROM." projectName="svm_classifier_cascade_prj" solutionName="solution1" date="2018-03-22T11:46:29.476+0000" type="Warning"/>
        <logs message="WARNING: [RTMG 210-274] Memory 'svm_classifier_SVs_h_V_17' is read-only, switch it to a ROM." projectName="svm_classifier_cascade_prj" solutionName="solution1" date="2018-03-22T11:46:29.429+0000" type="Warning"/>
        <logs message="WARNING: [RTMG 210-274] Memory 'svm_classifier_SVs_h_V_16' is read-only, switch it to a ROM." projectName="svm_classifier_cascade_prj" solutionName="solution1" date="2018-03-22T11:46:29.366+0000" type="Warning"/>
        <logs message="WARNING: [RTMG 210-274] Memory 'svm_classifier_SVs_h_V_15' is read-only, switch it to a ROM." projectName="svm_classifier_cascade_prj" solutionName="solution1" date="2018-03-22T11:46:29.299+0000" type="Warning"/>
        <logs message="WARNING: [RTMG 210-274] Memory 'svm_classifier_SVs_h_V_14' is read-only, switch it to a ROM." projectName="svm_classifier_cascade_prj" solutionName="solution1" date="2018-03-22T11:46:29.252+0000" type="Warning"/>
        <logs message="WARNING: [RTMG 210-274] Memory 'svm_classifier_SVs_h_V_13' is read-only, switch it to a ROM." projectName="svm_classifier_cascade_prj" solutionName="solution1" date="2018-03-22T11:46:29.190+0000" type="Warning"/>
        <logs message="WARNING: [RTMG 210-274] Memory 'svm_classifier_SVs_h_V_12' is read-only, switch it to a ROM." projectName="svm_classifier_cascade_prj" solutionName="solution1" date="2018-03-22T11:46:29.127+0000" type="Warning"/>
        <logs message="WARNING: [RTMG 210-274] Memory 'svm_classifier_SVs_h_V_11' is read-only, switch it to a ROM." projectName="svm_classifier_cascade_prj" solutionName="solution1" date="2018-03-22T11:46:29.065+0000" type="Warning"/>
        <logs message="WARNING: [RTMG 210-274] Memory 'svm_classifier_SVs_h_V_10' is read-only, switch it to a ROM." projectName="svm_classifier_cascade_prj" solutionName="solution1" date="2018-03-22T11:46:29.018+0000" type="Warning"/>
        <logs message="WARNING: [RTMG 210-274] Memory 'svm_classifier_SVs_h_V_9' is read-only, switch it to a ROM." projectName="svm_classifier_cascade_prj" solutionName="solution1" date="2018-03-22T11:46:28.955+0000" type="Warning"/>
        <logs message="WARNING: [RTMG 210-274] Memory 'svm_classifier_SVs_h_V_8' is read-only, switch it to a ROM." projectName="svm_classifier_cascade_prj" solutionName="solution1" date="2018-03-22T11:46:28.893+0000" type="Warning"/>
        <logs message="WARNING: [RTMG 210-274] Memory 'svm_classifier_SVs_h_V_7' is read-only, switch it to a ROM." projectName="svm_classifier_cascade_prj" solutionName="solution1" date="2018-03-22T11:46:28.846+0000" type="Warning"/>
        <logs message="WARNING: [RTMG 210-274] Memory 'svm_classifier_SVs_h_V_6' is read-only, switch it to a ROM." projectName="svm_classifier_cascade_prj" solutionName="solution1" date="2018-03-22T11:46:28.783+0000" type="Warning"/>
        <logs message="WARNING: [RTMG 210-274] Memory 'svm_classifier_SVs_h_V_5' is read-only, switch it to a ROM." projectName="svm_classifier_cascade_prj" solutionName="solution1" date="2018-03-22T11:46:28.721+0000" type="Warning"/>
        <logs message="WARNING: [RTMG 210-274] Memory 'svm_classifier_SVs_h_V_4' is read-only, switch it to a ROM." projectName="svm_classifier_cascade_prj" solutionName="solution1" date="2018-03-22T11:46:28.658+0000" type="Warning"/>
        <logs message="WARNING: [RTMG 210-274] Memory 'svm_classifier_SVs_h_V_3' is read-only, switch it to a ROM." projectName="svm_classifier_cascade_prj" solutionName="solution1" date="2018-03-22T11:46:28.611+0000" type="Warning"/>
        <logs message="WARNING: [RTMG 210-274] Memory 'svm_classifier_SVs_h_V_2' is read-only, switch it to a ROM." projectName="svm_classifier_cascade_prj" solutionName="solution1" date="2018-03-22T11:46:28.549+0000" type="Warning"/>
        <logs message="WARNING: [RTMG 210-274] Memory 'svm_classifier_SVs_h_V_1' is read-only, switch it to a ROM." projectName="svm_classifier_cascade_prj" solutionName="solution1" date="2018-03-22T11:46:28.455+0000" type="Warning"/>
        <logs message="WARNING: [RTMG 210-274] Memory 'svm_classifier_SVs_h_V_0' is read-only, switch it to a ROM." projectName="svm_classifier_cascade_prj" solutionName="solution1" date="2018-03-22T11:46:28.393+0000" type="Warning"/>
        <logs message="WARNING: [RTMG 210-274] Memory 'svm_classifier_alpha_l_V_17' is read-only, switch it to a ROM." projectName="svm_classifier_cascade_prj" solutionName="solution1" date="2018-03-22T11:46:28.346+0000" type="Warning"/>
        <logs message="WARNING: [RTMG 210-274] Memory 'svm_classifier_alpha_l_V_16' is read-only, switch it to a ROM." projectName="svm_classifier_cascade_prj" solutionName="solution1" date="2018-03-22T11:46:28.283+0000" type="Warning"/>
        <logs message="WARNING: [RTMG 210-274] Memory 'svm_classifier_alpha_l_V_15' is read-only, switch it to a ROM." projectName="svm_classifier_cascade_prj" solutionName="solution1" date="2018-03-22T11:46:28.221+0000" type="Warning"/>
        <logs message="WARNING: [RTMG 210-274] Memory 'svm_classifier_alpha_l_V_14' is read-only, switch it to a ROM." projectName="svm_classifier_cascade_prj" solutionName="solution1" date="2018-03-22T11:46:28.158+0000" type="Warning"/>
        <logs message="WARNING: [RTMG 210-274] Memory 'svm_classifier_alpha_l_V_13' is read-only, switch it to a ROM." projectName="svm_classifier_cascade_prj" solutionName="solution1" date="2018-03-22T11:46:28.111+0000" type="Warning"/>
        <logs message="WARNING: [RTMG 210-274] Memory 'svm_classifier_alpha_l_V_12' is read-only, switch it to a ROM." projectName="svm_classifier_cascade_prj" solutionName="solution1" date="2018-03-22T11:46:28.065+0000" type="Warning"/>
        <logs message="WARNING: [RTMG 210-274] Memory 'svm_classifier_alpha_l_V_11' is read-only, switch it to a ROM." projectName="svm_classifier_cascade_prj" solutionName="solution1" date="2018-03-22T11:46:28.018+0000" type="Warning"/>
        <logs message="WARNING: [RTMG 210-274] Memory 'svm_classifier_alpha_l_V_10' is read-only, switch it to a ROM." projectName="svm_classifier_cascade_prj" solutionName="solution1" date="2018-03-22T11:46:27.971+0000" type="Warning"/>
        <logs message="WARNING: [RTMG 210-274] Memory 'svm_classifier_alpha_l_V_9' is read-only, switch it to a ROM." projectName="svm_classifier_cascade_prj" solutionName="solution1" date="2018-03-22T11:46:27.908+0000" type="Warning"/>
        <logs message="WARNING: [RTMG 210-274] Memory 'svm_classifier_alpha_l_V_8' is read-only, switch it to a ROM." projectName="svm_classifier_cascade_prj" solutionName="solution1" date="2018-03-22T11:46:27.861+0000" type="Warning"/>
        <logs message="WARNING: [RTMG 210-274] Memory 'svm_classifier_alpha_l_V_7' is read-only, switch it to a ROM." projectName="svm_classifier_cascade_prj" solutionName="solution1" date="2018-03-22T11:46:27.815+0000" type="Warning"/>
        <logs message="WARNING: [RTMG 210-274] Memory 'svm_classifier_alpha_l_V_6' is read-only, switch it to a ROM." projectName="svm_classifier_cascade_prj" solutionName="solution1" date="2018-03-22T11:46:27.783+0000" type="Warning"/>
        <logs message="WARNING: [RTMG 210-274] Memory 'svm_classifier_alpha_l_V_5' is read-only, switch it to a ROM." projectName="svm_classifier_cascade_prj" solutionName="solution1" date="2018-03-22T11:46:27.736+0000" type="Warning"/>
        <logs message="WARNING: [RTMG 210-274] Memory 'svm_classifier_alpha_l_V_4' is read-only, switch it to a ROM." projectName="svm_classifier_cascade_prj" solutionName="solution1" date="2018-03-22T11:46:27.705+0000" type="Warning"/>
        <logs message="WARNING: [RTMG 210-274] Memory 'svm_classifier_alpha_l_V_3' is read-only, switch it to a ROM." projectName="svm_classifier_cascade_prj" solutionName="solution1" date="2018-03-22T11:46:27.658+0000" type="Warning"/>
        <logs message="WARNING: [RTMG 210-274] Memory 'svm_classifier_alpha_l_V_2' is read-only, switch it to a ROM." projectName="svm_classifier_cascade_prj" solutionName="solution1" date="2018-03-22T11:46:27.611+0000" type="Warning"/>
        <logs message="WARNING: [RTMG 210-274] Memory 'svm_classifier_alpha_l_V_1' is read-only, switch it to a ROM." projectName="svm_classifier_cascade_prj" solutionName="solution1" date="2018-03-22T11:46:27.565+0000" type="Warning"/>
        <logs message="WARNING: [RTMG 210-274] Memory 'svm_classifier_alpha_l_V_0' is read-only, switch it to a ROM." projectName="svm_classifier_cascade_prj" solutionName="solution1" date="2018-03-22T11:46:27.533+0000" type="Warning"/>
        <logs message="WARNING: [RTMG 210-274] Memory 'svm_classifier_SVs_l_V_17' is read-only, switch it to a ROM." projectName="svm_classifier_cascade_prj" solutionName="solution1" date="2018-03-22T11:46:27.440+0000" type="Warning"/>
        <logs message="WARNING: [RTMG 210-274] Memory 'svm_classifier_SVs_l_V_16' is read-only, switch it to a ROM." projectName="svm_classifier_cascade_prj" solutionName="solution1" date="2018-03-22T11:46:27.346+0000" type="Warning"/>
        <logs message="WARNING: [RTMG 210-274] Memory 'svm_classifier_SVs_l_V_15' is read-only, switch it to a ROM." projectName="svm_classifier_cascade_prj" solutionName="solution1" date="2018-03-22T11:46:27.283+0000" type="Warning"/>
        <logs message="WARNING: [RTMG 210-274] Memory 'svm_classifier_SVs_l_V_14' is read-only, switch it to a ROM." projectName="svm_classifier_cascade_prj" solutionName="solution1" date="2018-03-22T11:46:27.221+0000" type="Warning"/>
        <logs message="WARNING: [RTMG 210-274] Memory 'svm_classifier_SVs_l_V_13' is read-only, switch it to a ROM." projectName="svm_classifier_cascade_prj" solutionName="solution1" date="2018-03-22T11:46:27.174+0000" type="Warning"/>
        <logs message="WARNING: [RTMG 210-274] Memory 'svm_classifier_SVs_l_V_12' is read-only, switch it to a ROM." projectName="svm_classifier_cascade_prj" solutionName="solution1" date="2018-03-22T11:46:27.127+0000" type="Warning"/>
        <logs message="WARNING: [RTMG 210-274] Memory 'svm_classifier_SVs_l_V_11' is read-only, switch it to a ROM." projectName="svm_classifier_cascade_prj" solutionName="solution1" date="2018-03-22T11:46:27.064+0000" type="Warning"/>
        <logs message="WARNING: [RTMG 210-274] Memory 'svm_classifier_SVs_l_V_10' is read-only, switch it to a ROM." projectName="svm_classifier_cascade_prj" solutionName="solution1" date="2018-03-22T11:46:27.002+0000" type="Warning"/>
        <logs message="WARNING: [RTMG 210-274] Memory 'svm_classifier_SVs_l_V_9' is read-only, switch it to a ROM." projectName="svm_classifier_cascade_prj" solutionName="solution1" date="2018-03-22T11:46:26.939+0000" type="Warning"/>
        <logs message="WARNING: [RTMG 210-274] Memory 'svm_classifier_SVs_l_V_8' is read-only, switch it to a ROM." projectName="svm_classifier_cascade_prj" solutionName="solution1" date="2018-03-22T11:46:26.893+0000" type="Warning"/>
        <logs message="WARNING: [RTMG 210-274] Memory 'svm_classifier_SVs_l_V_7' is read-only, switch it to a ROM." projectName="svm_classifier_cascade_prj" solutionName="solution1" date="2018-03-22T11:46:26.830+0000" type="Warning"/>
        <logs message="WARNING: [RTMG 210-274] Memory 'svm_classifier_SVs_l_V_6' is read-only, switch it to a ROM." projectName="svm_classifier_cascade_prj" solutionName="solution1" date="2018-03-22T11:46:26.752+0000" type="Warning"/>
        <logs message="WARNING: [RTMG 210-274] Memory 'svm_classifier_SVs_l_V_5' is read-only, switch it to a ROM." projectName="svm_classifier_cascade_prj" solutionName="solution1" date="2018-03-22T11:46:26.689+0000" type="Warning"/>
        <logs message="WARNING: [RTMG 210-274] Memory 'svm_classifier_SVs_l_V_4' is read-only, switch it to a ROM." projectName="svm_classifier_cascade_prj" solutionName="solution1" date="2018-03-22T11:46:26.643+0000" type="Warning"/>
        <logs message="WARNING: [RTMG 210-274] Memory 'svm_classifier_SVs_l_V_3' is read-only, switch it to a ROM." projectName="svm_classifier_cascade_prj" solutionName="solution1" date="2018-03-22T11:46:26.580+0000" type="Warning"/>
        <logs message="WARNING: [RTMG 210-274] Memory 'svm_classifier_SVs_l_V_2' is read-only, switch it to a ROM." projectName="svm_classifier_cascade_prj" solutionName="solution1" date="2018-03-22T11:46:26.518+0000" type="Warning"/>
        <logs message="WARNING: [RTMG 210-274] Memory 'svm_classifier_SVs_l_V_1' is read-only, switch it to a ROM." projectName="svm_classifier_cascade_prj" solutionName="solution1" date="2018-03-22T11:46:26.455+0000" type="Warning"/>
        <logs message="WARNING: [RTMG 210-274] Memory 'svm_classifier_SVs_l_V_0' is read-only, switch it to a ROM." projectName="svm_classifier_cascade_prj" solutionName="solution1" date="2018-03-22T11:46:26.377+0000" type="Warning"/>
        <logs message="WARNING: [RTGEN 206-101] Global array 'alpha_h_V_17' will not be exposed as RTL port." projectName="svm_classifier_cascade_prj" solutionName="solution1" date="2018-03-22T11:46:24.111+0000" type="Warning"/>
        <logs message="WARNING: [RTGEN 206-101] Global array 'alpha_h_V_16' will not be exposed as RTL port." projectName="svm_classifier_cascade_prj" solutionName="solution1" date="2018-03-22T11:46:24.080+0000" type="Warning"/>
        <logs message="WARNING: [RTGEN 206-101] Global array 'alpha_h_V_15' will not be exposed as RTL port." projectName="svm_classifier_cascade_prj" solutionName="solution1" date="2018-03-22T11:46:24.064+0000" type="Warning"/>
        <logs message="WARNING: [RTGEN 206-101] Global array 'alpha_h_V_14' will not be exposed as RTL port." projectName="svm_classifier_cascade_prj" solutionName="solution1" date="2018-03-22T11:46:24.049+0000" type="Warning"/>
        <logs message="WARNING: [RTGEN 206-101] Global array 'alpha_h_V_13' will not be exposed as RTL port." projectName="svm_classifier_cascade_prj" solutionName="solution1" date="2018-03-22T11:46:24.017+0000" type="Warning"/>
        <logs message="WARNING: [RTGEN 206-101] Global array 'alpha_h_V_12' will not be exposed as RTL port." projectName="svm_classifier_cascade_prj" solutionName="solution1" date="2018-03-22T11:46:24.002+0000" type="Warning"/>
        <logs message="WARNING: [RTGEN 206-101] Global array 'alpha_h_V_11' will not be exposed as RTL port." projectName="svm_classifier_cascade_prj" solutionName="solution1" date="2018-03-22T11:46:23.986+0000" type="Warning"/>
        <logs message="WARNING: [RTGEN 206-101] Global array 'alpha_h_V_10' will not be exposed as RTL port." projectName="svm_classifier_cascade_prj" solutionName="solution1" date="2018-03-22T11:46:23.970+0000" type="Warning"/>
        <logs message="WARNING: [RTGEN 206-101] Global array 'alpha_h_V_9' will not be exposed as RTL port." projectName="svm_classifier_cascade_prj" solutionName="solution1" date="2018-03-22T11:46:23.939+0000" type="Warning"/>
        <logs message="WARNING: [RTGEN 206-101] Global array 'alpha_h_V_8' will not be exposed as RTL port." projectName="svm_classifier_cascade_prj" solutionName="solution1" date="2018-03-22T11:46:23.923+0000" type="Warning"/>
        <logs message="WARNING: [RTGEN 206-101] Global array 'alpha_h_V_7' will not be exposed as RTL port." projectName="svm_classifier_cascade_prj" solutionName="solution1" date="2018-03-22T11:46:23.908+0000" type="Warning"/>
        <logs message="WARNING: [RTGEN 206-101] Global array 'alpha_h_V_6' will not be exposed as RTL port." projectName="svm_classifier_cascade_prj" solutionName="solution1" date="2018-03-22T11:46:23.877+0000" type="Warning"/>
        <logs message="WARNING: [RTGEN 206-101] Global array 'alpha_h_V_5' will not be exposed as RTL port." projectName="svm_classifier_cascade_prj" solutionName="solution1" date="2018-03-22T11:46:23.861+0000" type="Warning"/>
        <logs message="WARNING: [RTGEN 206-101] Global array 'alpha_h_V_4' will not be exposed as RTL port." projectName="svm_classifier_cascade_prj" solutionName="solution1" date="2018-03-22T11:46:23.845+0000" type="Warning"/>
        <logs message="WARNING: [RTGEN 206-101] Global array 'alpha_h_V_3' will not be exposed as RTL port." projectName="svm_classifier_cascade_prj" solutionName="solution1" date="2018-03-22T11:46:23.830+0000" type="Warning"/>
        <logs message="WARNING: [RTGEN 206-101] Global array 'alpha_h_V_2' will not be exposed as RTL port." projectName="svm_classifier_cascade_prj" solutionName="solution1" date="2018-03-22T11:46:23.814+0000" type="Warning"/>
        <logs message="WARNING: [RTGEN 206-101] Global array 'alpha_h_V_1' will not be exposed as RTL port." projectName="svm_classifier_cascade_prj" solutionName="solution1" date="2018-03-22T11:46:23.798+0000" type="Warning"/>
        <logs message="WARNING: [RTGEN 206-101] Global array 'alpha_h_V_0' will not be exposed as RTL port." projectName="svm_classifier_cascade_prj" solutionName="solution1" date="2018-03-22T11:46:23.783+0000" type="Warning"/>
        <logs message="WARNING: [RTGEN 206-101] Global array 'SVs_h_V_17' will not be exposed as RTL port." projectName="svm_classifier_cascade_prj" solutionName="solution1" date="2018-03-22T11:46:23.767+0000" type="Warning"/>
        <logs message="WARNING: [RTGEN 206-101] Global array 'SVs_h_V_16' will not be exposed as RTL port." projectName="svm_classifier_cascade_prj" solutionName="solution1" date="2018-03-22T11:46:23.752+0000" type="Warning"/>
        <logs message="WARNING: [RTGEN 206-101] Global array 'SVs_h_V_15' will not be exposed as RTL port." projectName="svm_classifier_cascade_prj" solutionName="solution1" date="2018-03-22T11:46:23.720+0000" type="Warning"/>
        <logs message="WARNING: [RTGEN 206-101] Global array 'SVs_h_V_14' will not be exposed as RTL port." projectName="svm_classifier_cascade_prj" solutionName="solution1" date="2018-03-22T11:46:23.705+0000" type="Warning"/>
        <logs message="WARNING: [RTGEN 206-101] Global array 'SVs_h_V_13' will not be exposed as RTL port." projectName="svm_classifier_cascade_prj" solutionName="solution1" date="2018-03-22T11:46:23.689+0000" type="Warning"/>
        <logs message="WARNING: [RTGEN 206-101] Global array 'SVs_h_V_12' will not be exposed as RTL port." projectName="svm_classifier_cascade_prj" solutionName="solution1" date="2018-03-22T11:46:23.658+0000" type="Warning"/>
        <logs message="WARNING: [RTGEN 206-101] Global array 'SVs_h_V_11' will not be exposed as RTL port." projectName="svm_classifier_cascade_prj" solutionName="solution1" date="2018-03-22T11:46:23.642+0000" type="Warning"/>
        <logs message="WARNING: [RTGEN 206-101] Global array 'SVs_h_V_10' will not be exposed as RTL port." projectName="svm_classifier_cascade_prj" solutionName="solution1" date="2018-03-22T11:46:23.627+0000" type="Warning"/>
        <logs message="WARNING: [RTGEN 206-101] Global array 'SVs_h_V_9' will not be exposed as RTL port." projectName="svm_classifier_cascade_prj" solutionName="solution1" date="2018-03-22T11:46:23.611+0000" type="Warning"/>
        <logs message="WARNING: [RTGEN 206-101] Global array 'SVs_h_V_8' will not be exposed as RTL port." projectName="svm_classifier_cascade_prj" solutionName="solution1" date="2018-03-22T11:46:23.595+0000" type="Warning"/>
        <logs message="WARNING: [RTGEN 206-101] Global array 'SVs_h_V_7' will not be exposed as RTL port." projectName="svm_classifier_cascade_prj" solutionName="solution1" date="2018-03-22T11:46:23.580+0000" type="Warning"/>
        <logs message="WARNING: [RTGEN 206-101] Global array 'SVs_h_V_6' will not be exposed as RTL port." projectName="svm_classifier_cascade_prj" solutionName="solution1" date="2018-03-22T11:46:23.548+0000" type="Warning"/>
        <logs message="WARNING: [RTGEN 206-101] Global array 'SVs_h_V_5' will not be exposed as RTL port." projectName="svm_classifier_cascade_prj" solutionName="solution1" date="2018-03-22T11:46:23.533+0000" type="Warning"/>
        <logs message="WARNING: [RTGEN 206-101] Global array 'SVs_h_V_4' will not be exposed as RTL port." projectName="svm_classifier_cascade_prj" solutionName="solution1" date="2018-03-22T11:46:23.517+0000" type="Warning"/>
        <logs message="WARNING: [RTGEN 206-101] Global array 'SVs_h_V_3' will not be exposed as RTL port." projectName="svm_classifier_cascade_prj" solutionName="solution1" date="2018-03-22T11:46:23.502+0000" type="Warning"/>
        <logs message="WARNING: [RTGEN 206-101] Global array 'SVs_h_V_2' will not be exposed as RTL port." projectName="svm_classifier_cascade_prj" solutionName="solution1" date="2018-03-22T11:46:23.502+0000" type="Warning"/>
        <logs message="WARNING: [RTGEN 206-101] Global array 'SVs_h_V_1' will not be exposed as RTL port." projectName="svm_classifier_cascade_prj" solutionName="solution1" date="2018-03-22T11:46:23.486+0000" type="Warning"/>
        <logs message="WARNING: [RTGEN 206-101] Global array 'SVs_h_V_0' will not be exposed as RTL port." projectName="svm_classifier_cascade_prj" solutionName="solution1" date="2018-03-22T11:46:23.470+0000" type="Warning"/>
        <logs message="WARNING: [RTGEN 206-101] Global array 'alpha_l_V_17' will not be exposed as RTL port." projectName="svm_classifier_cascade_prj" solutionName="solution1" date="2018-03-22T11:46:23.470+0000" type="Warning"/>
        <logs message="WARNING: [RTGEN 206-101] Global array 'alpha_l_V_16' will not be exposed as RTL port." projectName="svm_classifier_cascade_prj" solutionName="solution1" date="2018-03-22T11:46:23.455+0000" type="Warning"/>
        <logs message="WARNING: [RTGEN 206-101] Global array 'alpha_l_V_15' will not be exposed as RTL port." projectName="svm_classifier_cascade_prj" solutionName="solution1" date="2018-03-22T11:46:23.455+0000" type="Warning"/>
        <logs message="WARNING: [RTGEN 206-101] Global array 'alpha_l_V_14' will not be exposed as RTL port." projectName="svm_classifier_cascade_prj" solutionName="solution1" date="2018-03-22T11:46:23.439+0000" type="Warning"/>
        <logs message="WARNING: [RTGEN 206-101] Global array 'alpha_l_V_13' will not be exposed as RTL port." projectName="svm_classifier_cascade_prj" solutionName="solution1" date="2018-03-22T11:46:23.423+0000" type="Warning"/>
        <logs message="WARNING: [RTGEN 206-101] Global array 'alpha_l_V_12' will not be exposed as RTL port." projectName="svm_classifier_cascade_prj" solutionName="solution1" date="2018-03-22T11:46:23.423+0000" type="Warning"/>
        <logs message="WARNING: [RTGEN 206-101] Global array 'alpha_l_V_11' will not be exposed as RTL port." projectName="svm_classifier_cascade_prj" solutionName="solution1" date="2018-03-22T11:46:23.408+0000" type="Warning"/>
        <logs message="WARNING: [RTGEN 206-101] Global array 'alpha_l_V_10' will not be exposed as RTL port." projectName="svm_classifier_cascade_prj" solutionName="solution1" date="2018-03-22T11:46:23.408+0000" type="Warning"/>
        <logs message="WARNING: [RTGEN 206-101] Global array 'alpha_l_V_9' will not be exposed as RTL port." projectName="svm_classifier_cascade_prj" solutionName="solution1" date="2018-03-22T11:46:23.392+0000" type="Warning"/>
        <logs message="WARNING: [RTGEN 206-101] Global array 'alpha_l_V_8' will not be exposed as RTL port." projectName="svm_classifier_cascade_prj" solutionName="solution1" date="2018-03-22T11:46:23.377+0000" type="Warning"/>
        <logs message="WARNING: [RTGEN 206-101] Global array 'alpha_l_V_7' will not be exposed as RTL port." projectName="svm_classifier_cascade_prj" solutionName="solution1" date="2018-03-22T11:46:23.377+0000" type="Warning"/>
        <logs message="WARNING: [RTGEN 206-101] Global array 'alpha_l_V_6' will not be exposed as RTL port." projectName="svm_classifier_cascade_prj" solutionName="solution1" date="2018-03-22T11:46:23.361+0000" type="Warning"/>
        <logs message="WARNING: [RTGEN 206-101] Global array 'alpha_l_V_5' will not be exposed as RTL port." projectName="svm_classifier_cascade_prj" solutionName="solution1" date="2018-03-22T11:46:23.345+0000" type="Warning"/>
        <logs message="WARNING: [RTGEN 206-101] Global array 'alpha_l_V_4' will not be exposed as RTL port." projectName="svm_classifier_cascade_prj" solutionName="solution1" date="2018-03-22T11:46:23.345+0000" type="Warning"/>
        <logs message="WARNING: [RTGEN 206-101] Global array 'alpha_l_V_3' will not be exposed as RTL port." projectName="svm_classifier_cascade_prj" solutionName="solution1" date="2018-03-22T11:46:23.330+0000" type="Warning"/>
        <logs message="WARNING: [RTGEN 206-101] Global array 'alpha_l_V_2' will not be exposed as RTL port." projectName="svm_classifier_cascade_prj" solutionName="solution1" date="2018-03-22T11:46:23.330+0000" type="Warning"/>
        <logs message="WARNING: [RTGEN 206-101] Global array 'alpha_l_V_1' will not be exposed as RTL port." projectName="svm_classifier_cascade_prj" solutionName="solution1" date="2018-03-22T11:46:23.314+0000" type="Warning"/>
        <logs message="WARNING: [RTGEN 206-101] Global array 'alpha_l_V_0' will not be exposed as RTL port." projectName="svm_classifier_cascade_prj" solutionName="solution1" date="2018-03-22T11:46:23.298+0000" type="Warning"/>
        <logs message="WARNING: [RTGEN 206-101] Global array 'SVs_l_V_17' will not be exposed as RTL port." projectName="svm_classifier_cascade_prj" solutionName="solution1" date="2018-03-22T11:46:23.298+0000" type="Warning"/>
        <logs message="WARNING: [RTGEN 206-101] Global array 'SVs_l_V_16' will not be exposed as RTL port." projectName="svm_classifier_cascade_prj" solutionName="solution1" date="2018-03-22T11:46:23.283+0000" type="Warning"/>
        <logs message="WARNING: [RTGEN 206-101] Global array 'SVs_l_V_15' will not be exposed as RTL port." projectName="svm_classifier_cascade_prj" solutionName="solution1" date="2018-03-22T11:46:23.283+0000" type="Warning"/>
        <logs message="WARNING: [RTGEN 206-101] Global array 'SVs_l_V_14' will not be exposed as RTL port." projectName="svm_classifier_cascade_prj" solutionName="solution1" date="2018-03-22T11:46:23.267+0000" type="Warning"/>
        <logs message="WARNING: [RTGEN 206-101] Global array 'SVs_l_V_13' will not be exposed as RTL port." projectName="svm_classifier_cascade_prj" solutionName="solution1" date="2018-03-22T11:46:23.267+0000" type="Warning"/>
        <logs message="WARNING: [RTGEN 206-101] Global array 'SVs_l_V_12' will not be exposed as RTL port." projectName="svm_classifier_cascade_prj" solutionName="solution1" date="2018-03-22T11:46:23.252+0000" type="Warning"/>
        <logs message="WARNING: [RTGEN 206-101] Global array 'SVs_l_V_11' will not be exposed as RTL port." projectName="svm_classifier_cascade_prj" solutionName="solution1" date="2018-03-22T11:46:23.236+0000" type="Warning"/>
        <logs message="WARNING: [RTGEN 206-101] Global array 'SVs_l_V_10' will not be exposed as RTL port." projectName="svm_classifier_cascade_prj" solutionName="solution1" date="2018-03-22T11:46:23.220+0000" type="Warning"/>
        <logs message="WARNING: [RTGEN 206-101] Global array 'SVs_l_V_9' will not be exposed as RTL port." projectName="svm_classifier_cascade_prj" solutionName="solution1" date="2018-03-22T11:46:23.220+0000" type="Warning"/>
        <logs message="WARNING: [RTGEN 206-101] Global array 'SVs_l_V_8' will not be exposed as RTL port." projectName="svm_classifier_cascade_prj" solutionName="solution1" date="2018-03-22T11:46:23.205+0000" type="Warning"/>
        <logs message="WARNING: [RTGEN 206-101] Global array 'SVs_l_V_7' will not be exposed as RTL port." projectName="svm_classifier_cascade_prj" solutionName="solution1" date="2018-03-22T11:46:23.205+0000" type="Warning"/>
        <logs message="WARNING: [RTGEN 206-101] Global array 'SVs_l_V_6' will not be exposed as RTL port." projectName="svm_classifier_cascade_prj" solutionName="solution1" date="2018-03-22T11:46:23.189+0000" type="Warning"/>
        <logs message="WARNING: [RTGEN 206-101] Global array 'SVs_l_V_5' will not be exposed as RTL port." projectName="svm_classifier_cascade_prj" solutionName="solution1" date="2018-03-22T11:46:23.173+0000" type="Warning"/>
        <logs message="WARNING: [RTGEN 206-101] Global array 'SVs_l_V_4' will not be exposed as RTL port." projectName="svm_classifier_cascade_prj" solutionName="solution1" date="2018-03-22T11:46:23.173+0000" type="Warning"/>
        <logs message="WARNING: [RTGEN 206-101] Global array 'SVs_l_V_3' will not be exposed as RTL port." projectName="svm_classifier_cascade_prj" solutionName="solution1" date="2018-03-22T11:46:23.158+0000" type="Warning"/>
        <logs message="WARNING: [RTGEN 206-101] Global array 'SVs_l_V_2' will not be exposed as RTL port." projectName="svm_classifier_cascade_prj" solutionName="solution1" date="2018-03-22T11:46:23.158+0000" type="Warning"/>
        <logs message="WARNING: [RTGEN 206-101] Global array 'SVs_l_V_1' will not be exposed as RTL port." projectName="svm_classifier_cascade_prj" solutionName="solution1" date="2018-03-22T11:46:23.142+0000" type="Warning"/>
        <logs message="WARNING: [RTGEN 206-101] Global array 'SVs_l_V_0' will not be exposed as RTL port." projectName="svm_classifier_cascade_prj" solutionName="solution1" date="2018-03-22T11:46:23.127+0000" type="Warning"/>
        <logs message="WARNING: [XFORM 203-561] Updating loop lower bound from 30 to 29 for loop 'Sum_loop' in function 'svm_classifier_process'." projectName="svm_classifier_cascade_prj" solutionName="solution1" date="2018-03-22T11:45:53.307+0000" type="Warning"/>
        <logs message="WARNING: [XFORM 203-561] Updating loop upper bound from 30 to 29 for loop 'Sum_loop' in function 'svm_classifier_process'." projectName="svm_classifier_cascade_prj" solutionName="solution1" date="2018-03-22T11:45:53.229+0000" type="Warning"/>
        <logs message="WARNING: [XFORM 203-180] Applying partition directive (svm_classifier_prj/svm_classifier.cpp:17:1) and reshape directive (svm_classifier_prj/svm_classifier.cpp:18:1) on the same variable 'SVs_h.V'  may lead to unexpected synthesis behaviors." projectName="svm_classifier_cascade_prj" solutionName="solution1" date="2018-03-22T11:45:53.135+0000" type="Warning"/>
        <logs message="WARNING: [XFORM 203-180] Applying partition directive (svm_classifier_prj/svm_classifier.cpp:13:1) and reshape directive (svm_classifier_prj/svm_classifier.cpp:14:1) on the same variable 'SVs_l.V'  may lead to unexpected synthesis behaviors." projectName="svm_classifier_cascade_prj" solutionName="solution1" date="2018-03-22T11:45:53.104+0000" type="Warning"/>
        <logs message="WARNING: [XFORM 203-505] Pipeline directive for loop 'Channel_Sum_loop' (svm_classifier_prj/svm_classifier.cpp:97) in function 'svm_classifier_process' has been removed because the loop is unrolled completely." projectName="svm_classifier_cascade_prj" solutionName="solution1" date="2018-03-22T11:45:53.026+0000" type="Warning"/>
      </synLog>
      <simLog/>
      <mgLog/>
      <packageLog/>
      <csimLog/>
    </logs>
  </warningLogs>
</vivadoHLSLog:LogRoot>
